p1,-0.585835,-0.401656,0
p2,-1.13392,-0.910653,0
p3,-0.898172,-1.07502,0
p4,-0.365161,-0.379199,0
p5,0.172448,-0.203041,0
p6,-1.43784,-0.83774,0
p7,-0.586947,-0.865428,0
p8,-0.509167,-0.913249,0
p9,0.0160104,-0.265462,0
p10,-0.303003,-0.668266,0
p11,-1.32478,-0.761519,0
p12,-0.789443,-0.604025,0
p13,-0.681078,-0.266194,0
p14,-1.20215,-0.815888,0
p15,-0.588469,-0.547638,0
p16,-0.356192,-0.252426,0
p17,-1.52899,-1.16619,0
p18,-0.571526,-0.525328,0
p19,-1.10776,-0.90191,0
p20,0.0854506,-0.200078,0
p21,-0.0795118,-0.244821,0
p22,-1.58956,-0.82734,0
p23,-0.882815,-1.03291,0
p24,-0.0226562,-0.330175,0
p25,-0.603857,-0.607451,0
p26,-0.939056,-0.923235,0
p27,-1.54462,-1.22342,0
p28,-1.25772,-1.07925,0
p29,-0.638864,-0.791312,0
p30,-0.605087,-0.225404,0
p31,-1.22772,-0.962691,0
p32,-1.59126,-0.955835,0
p33,-0.490727,-0.452298,0
p34,-0.0195369,-0.282084,0
p35,-1.17823,-0.662493,0
p36,-0.226727,-0.630257,0
p37,-0.363046,-0.591963,0
p38,-1.64826,-1.42303,0
p39,-0.938966,-0.583673,0
p40,-0.647177,-1.07351,0
p41,-0.751564,-0.76207,0
p42,-1.60725,-1.33554,0
p43,-0.936239,-0.716931,0
p44,-0.297093,-0.0826591,0
p45,-1.31761,-0.656078,0
p46,-1.50532,-1.16879,0
p47,-1.65098,-1.241,0
p48,-0.321559,-0.48635,0
p49,-0.4488,-0.339232,0
p50,-0.518523,-0.285819,0
p51,-0.643772,-0.539759,0
p52,-0.711098,-0.313798,0
p53,-0.0668361,-0.0328402,0
p54,-0.61127,-0.905858,0
p55,-0.92148,-0.885539,0
p56,-1.02333,-0.968717,0
p57,-1.54719,-1.15118,0
p58,-1.26029,-0.959315,0
p59,-0.319118,-0.466954,0
p60,-0.177719,-0.155611,0
p61,-0.506707,-0.384676,0
p62,0.241723,-0.152738,0
p63,-0.726694,-0.324555,0
p64,-0.766221,-0.581867,0
p65,0.222186,-0.246717,0
p66,-0.564669,-0.697595,0
p67,-1.19146,-1.1202,0
p68,-1.38869,-0.930326,0
p69,-0.211033,-0.0694245,0
p70,-1.74823,-1.02762,0
p71,-1.44603,-1.07043,0
p72,-0.281285,-0.403171,0
p73,0.167996,-0.0711532,0
p74,-0.0854518,-0.141995,0
p75,-0.448893,-0.40739,0
p76,-1.2473,-0.784423,0
p77,0.103036,-0.527119,0
p78,0.10599,-0.121666,0
p79,-0.862378,-0.758065,0
p80,-1.83386,-1.22837,0
p81,-1.00853,-0.923721,0
p82,-1.11958,-1.12774,0
p83,-1.0647,-1.15874,0
p84,-1.13463,-0.985945,0
p85,-0.570435,-1.04625,0
p86,-1.46636,-0.783364,0
p87,-1.64958,-1.17206,0
p88,-0.516398,-0.468889,0
p89,-1.36599,-1.33378,0
p90,-1.30711,-0.645879,0
p91,-0.237667,-0.423474,0
p92,-1.50285,-0.987157,0
p93,-0.97778,-0.588835,0
p94,0.0671051,-0.299607,0
p95,-1.65967,-1.24569,0
p96,-0.366234,-0.466544,0
p97,-0.571356,-0.347466,0
p98,-0.429063,-0.453724,0
p99,-0.98477,-1.10406,0
p100,-0.8123,-0.708308,0
p101,-0.79821,-1.00958,0
p102,-0.579938,-0.761309,0
p103,-0.537748,-0.56848,0
p104,-0.30264,-0.342319,0
p105,-0.842391,-0.732896,0
p106,-1.23492,-0.906338,0
p107,-1.79088,-1.14082,0
p108,-1.26478,-1.1849,0
p109,-0.843117,-0.754856,0
p110,-0.948825,-1.08643,0
p111,-1.50044,-1.04681,0
p112,-0.933405,-1.11914,0
p113,-0.273563,-0.439946,0
p114,-0.369036,-0.416664,0
p115,-1.36042,-1.16305,0
p116,-1.76158,-1.35602,0
p117,-0.197375,-0.592986,0
p118,-0.607059,-0.505345,0
p119,-0.562626,-0.683408,0
p120,0.144665,-0.211468,0
p121,0.220343,-0.34969,0
p122,-0.581623,-0.963184,0
p123,-0.133789,-0.464616,0
p124,-1.21212,-0.824299,0
p125,-1.28217,-1.11003,0
p126,-0.192406,-0.291159,0
p127,-1.63248,-1.04487,0
p128,-0.133453,-0.599766,0
p129,0.0692506,-0.319421,0
p130,-1.4999,-0.907588,0
p131,-1.19433,-0.789085,0
p132,-0.795208,-0.819344,0
p133,-1.52462,-1.24739,0
p134,-0.173608,-0.535402,0
p135,-0.409848,-0.330759,0
p136,-1.58818,-1.14141,0
p137,-0.601206,-0.792217,0
p138,-0.460027,-0.302771,0
p139,-0.481636,-0.669796,0
p140,-0.84439,-0.765982,0
p141,-1.06653,-0.683752,0
p142,-0.671334,-0.614558,0
p143,-1.63227,-1.34141,0
p144,-0.989481,-1.07831,0
p145,-1.40006,-1.03903,0
p146,-1.44438,-1.26208,0
p147,-0.141613,-0.0523385,0
p148,-0.59391,-1.03964,0
p149,-0.16278,-0.417046,0
p150,-0.915247,-0.748029,0
p151,-1.79151,-1.27673,0
p152,-1.28764,-0.984605,0
p153,-0.82374,-1.04987,0
p154,-0.352946,-0.0962342,0
p155,-0.0286291,-0.131426,0
p156,-0.496043,-0.526966,0
p157,-0.190448,-0.396327,0
p158,-1.14499,-0.916689,0
p159,-1.39443,-0.746652,0
p160,-0.908277,-1.02232,0
p161,-1.44719,-0.999583,0
p162,-1.52655,-0.98479,0
p163,-0.825774,-0.777939,0
p164,-0.97136,-1.27296,0
p165,-0.405186,-0.49455,0
p166,-0.535241,-0.181429,0
p167,-1.69591,-1.36152,0
p168,-0.737435,-0.488719,0
p169,-0.35622,-0.306958,0
p170,-0.976388,-0.787457,0
p171,0.101095,-0.232239,0
p172,-0.944946,-1.14355,0
p173,-0.139942,-0.257978,0
p174,-1.22338,-1.1698,0
p175,-0.0528075,-0.113643,0
p176,-1.57894,-1.05312,0
p177,-0.959237,-0.793686,0
p178,-1.16586,-1.2165,0
p179,-0.251113,-0.457571,0
p180,0.135096,-0.249598,0
p181,-0.890729,-0.374777,0
p182,-0.747481,-0.380005,0
p183,-1.58102,-1.21327,0
p184,-0.124202,-0.195426,0
p185,-1.89331,-1.25127,0
p186,-0.664059,-0.767556,0
p187,-0.636296,-0.351712,0
p188,0.0292661,-0.474749,0
p189,-0.841541,-0.721598,0
p190,-1.39087,-0.91469,0
p191,-0.90491,-0.538059,0
p192,-0.349811,-0.277408,0
p193,-1.69179,-1.27489,0
p194,-0.746339,-0.602976,0
p195,-1.69143,-1.26639,0
p196,-1.57171,-1.33745,0
p197,-1.42714,-0.832868,0
p198,-0.55003,-0.331572,0
p199,-0.397511,-0.280216,0
p200,0.134197,-0.511367,0
p201,-0.573617,-0.395324,0
p202,-0.762676,-0.683296,0
p203,-0.575971,-0.512577,0
p204,-0.0654717,-0.568323,0
p205,-1.12754,-0.749128,0
p206,-1.53471,-0.975485,0
p207,-0.271249,-0.522593,0
p208,-1.62913,-1.19313,0
p209,-1.07709,-1.15157,0
p210,-1.36947,-0.991975,0
p211,-0.122351,-0.410563,0
p212,-1.66431,-1.24621,0
p213,-0.722031,-0.649967,0
p214,-0.124531,-0.0843764,0
p215,-1.21959,-0.928482,0
p216,-0.758261,-0.640731,0
p217,-0.246861,-0.447393,0
p218,-0.676403,-0.635794,0
p219,-0.354014,-0.496037,0
p220,-0.84079,-0.885324,0
p221,-0.661796,-0.71473,0
p222,-1.0948,-0.672154,0
p223,-0.922057,-0.793649,0
p224,-1.1749,-0.910883,0
p225,-1.51514,-0.803416,0
p226,-0.415165,-0.442335,0
p227,-1.56453,-1.08796,0
p228,0.215712,-0.1333,0
p229,-0.831961,-0.402142,0
p230,-0.102829,-0.351821,0
p231,-1.12104,-0.75443,0
p232,-0.440818,-0.532678,0
p233,-0.000543608,-0.274342,0
p234,-0.29761,-0.334209,0
p235,-0.490103,-0.140143,0
p236,-1.53428,-1.15939,0
p237,-0.65982,-0.755611,0
p238,-0.108143,-0.237353,0
p239,-0.771305,-1.06554,0
p240,-0.388888,-0.499662,0
p241,-0.937495,-0.868663,0
p242,-0.224424,-0.669784,0
p243,-0.314139,-0.533031,0
p244,-0.408847,-0.604549,0
p245,-0.616944,-0.389137,0
p246,-0.757474,-0.747227,0
p247,-0.499307,-0.894919,0
p248,-0.321554,-0.135676,0
p249,-0.153256,-0.461409,0
p250,-0.523628,-0.218137,0
p251,-0.612442,-0.47551,0
p252,-0.136983,-0.723533,0
p253,0.0182296,-0.137277,0
p254,-0.00989252,-0.622219,0
p255,-0.952265,-0.758731,0
p256,-0.898302,-0.822897,0
p257,-0.656739,-0.80121,0
p258,-0.0905194,-0.339754,0
p259,0.174543,-0.310314,0
p260,-1.19218,-1.13064,0
p261,-1.21802,-1.15835,0
p262,0.0416623,-0.633406,0
p263,-1.52499,-1.30735,0
p264,-1.3545,-1.09739,0
p265,-0.969419,-1.05217,0
p266,-1.07984,-0.541994,0
p267,-1.90178,-1.23113,0
p268,-0.807512,-1.00028,0
p269,-0.860425,-0.757206,0
p270,-1.40125,-1.11788,0
p271,-0.871713,-0.600469,0
p272,-0.773683,-0.316649,0
p273,-0.637245,-0.674593,0
p274,-0.515525,-0.592955,0
p275,-0.371327,-0.25788,0
p276,-1.05804,-0.703104,0
p277,-1.23535,-0.981609,0
p278,-1.07004,-0.625969,0
p279,-0.615604,-0.601529,0
p280,-1.82057,-1.06182,0
p281,-0.813062,-1.03348,0
p282,-0.446241,-0.589668,0
p283,-1.71692,-1.0488,0
p284,-0.0403223,-0.119982,0
p285,-1.21888,-1.03095,0
p286,-0.247251,-0.834567,0
p287,-0.875636,-0.473088,0
p288,-0.610605,-0.460074,0
p289,-1.37755,-1.16186,0
p290,-1.29256,-0.678879,0
p291,-0.824131,-0.497743,0
p292,-0.950907,-0.8357,0
p293,0.269689,-0.246117,0
p294,0.188469,-0.427051,0
p295,-0.905399,-0.576755,0
p296,-0.544564,-0.528987,0
p297,-1.29264,-0.794489,0
p298,-1.56284,-1.20003,0
p299,-1.35529,-1.04201,0
p300,-0.753717,-0.878472,0
p301,-0.459711,-0.624416,0
p302,-1.24078,-0.968107,0
p303,-0.0650886,-0.569348,0
p304,-1.57726,-1.16084,0
p305,-1.25033,-0.661209,0
p306,0.153623,-0.149861,0
p307,-1.06499,-1.11823,0
p308,-0.0815626,-0.516878,0
p309,-1.39127,-1.03074,0
p310,-1.04208,-0.878745,0
p311,0.0176462,-0.170057,0
p312,-0.482228,-0.208543,0
p313,-0.344554,-0.465296,0
p314,-1.50068,-1.23248,0
p315,-1.74752,-1.24605,0
p316,-0.849332,-0.587944,0
p317,0.0608585,-0.261789,0
p318,-1.46381,-1.19468,0
p319,-1.26009,-1.21306,0
p320,-1.69141,-1.38373,0
p321,-0.577958,-0.528118,0
p322,-1.83706,-1.26892,0
p323,-0.9842,-0.828608,0
p324,-1.12122,-0.866607,0
p325,-1.59646,-1.12625,0
p326,-0.0527869,-0.226667,0
p327,-1.32943,-0.936452,0
p328,-0.768989,-0.475078,0
p329,-0.864986,-0.76106,0
p330,0.00582605,-0.4006,0
p331,0.015794,-0.215023,0
p332,-1.47155,-0.683377,0
p333,-0.808436,-0.567361,0
p334,-0.513915,-0.482093,0
p335,-1.42341,-1.07292,0
p336,0.14631,-0.51256,0
p337,-1.11486,-0.90646,0
p338,-1.47116,-0.823381,0
p339,-1.46074,-0.747487,0
p340,-0.802478,-0.350996,0
p341,-0.249349,-0.576377,0
p342,-0.0296829,-0.583198,0
p343,-1.45477,-0.888016,0
p344,-0.651434,-0.673622,0
p345,-0.232243,-0.0604173,0
p346,-1.19948,-0.643539,0
p347,-1.75834,-1.25293,0
p348,-1.50163,-1.22861,0
p349,-0.604052,-0.577203,0
p350,-1.51801,-1.18828,0
p351,-1.73633,-1.24943,0
p352,-0.521488,-0.276085,0
p353,-0.257298,-0.44153,0
p354,-1.60067,-1.17046,0
p355,-1.41878,-1.05954,0
p356,-1.09884,-1.11893,0
p357,-0.337687,-0.448272,0
p358,-0.724531,-0.678069,0
p359,-0.635251,-0.51173,0
p360,-1.19242,-0.817447,0
p361,-0.152037,-0.770728,0
p362,-1.83316,-1.17445,0
p363,-1.53712,-1.23157,0
p364,-0.0621257,-0.223863,0
p365,-0.559443,-0.686871,0
p366,-0.59012,-0.674852,0
p367,-0.529175,-0.566238,0
p368,-0.926752,-0.910538,0
p369,0.00127588,-0.270504,0
p370,-0.879557,-1.40652,1
p371,-0.361807,-0.263977,1
p372,-1.14376,-1.21342,1
p373,-0.529267,-0.818573,1
p374,-1.28999,-1.28262,1
p375,-0.465598,-0.852984,1
p376,-1.17449,-1.21563,1
p377,-0.685957,-0.553469,1
p378,-0.879753,-1.0343,1
p379,-0.966603,-1.34819,1
p380,-0.581088,-1.20861,1
p381,-0.512419,-0.859539,1
p382,-0.367322,-0.651357,1
p383,-0.21239,-0.416436,1
p384,-0.574298,-0.773828,1
p385,-0.333348,-0.491657,1
p386,-0.844283,-1.08489,1
p387,0.0341432,-0.377825,1
p388,0.0519968,-0.456119,1
p389,-0.345399,-0.787096,1
p390,-0.80287,-1.08488,1
p391,0.0805245,-0.35632,1
p392,-0.312531,-0.756576,1
p393,-0.0469287,-0.333774,1
p394,-0.821109,-1.41049,1
p395,-0.440759,-0.970914,1
p396,-1.08493,-0.63425,1
p397,-0.049377,-0.646754,1
p398,-1.19754,-0.979727,1
p399,-0.283012,-0.223952,1
p400,-0.33849,-0.694371,1
p401,-0.351504,-0.412795,1
p402,-0.076886,-0.347521,1
p403,0.0693643,-0.251098,1
p404,-0.749649,-0.485402,1
p405,-0.973171,-1.23217,1
p406,-0.362968,-0.628622,1
p407,-1.27102,-1.30796,1
p408,-0.918679,-0.76793,1
p409,-1.00888,-1.16872,1
p410,-0.442441,-0.867014,1
p411,-0.931659,-1.04876,1
p412,-0.0387973,-0.756229,1
p413,-0.121302,-0.853237,1
p414,-0.526024,-0.54564,1
p415,-1.12841,-1.20443,1
p416,-1.33427,-1.16478,1
p417,-0.840458,-1.32107,1
p418,-0.44466,-0.442469,1
p419,-0.6406,-0.951856,1
p420,-0.8338,-0.715405,1
p421,-0.333543,-0.571007,1
p422,-1.4257,-1.23608,1
p423,-0.629606,-0.617941,1
p424,-1.20098,-1.3951,1
p425,-1.15448,-0.735328,1
p426,-0.639743,-0.487148,1
p427,-0.188309,-0.318909,1
p428,0.145009,-0.414492,1
p429,-0.275303,-0.603854,1
p430,-0.37341,-0.786557,1
p431,-0.366577,-0.67238,1
p432,-1.1996,-0.918182,1
p433,-1.0995,-0.624941,1
p434,-0.348093,-0.795571,1
p435,-1.07115,-1.20481,1
p436,-1.1931,-1.39204,1
p437,0.0612809,-0.724476,1
p438,-0.167929,-0.468971,1
p439,0.0119473,-0.368595,1
p440,-0.930031,-1.03891,1
p441,-1.09688,-1.2538,1
p442,-1.23185,-0.840647,1
p443,-1.09188,-0.669269,1
p444,-0.518657,-0.807584,1
p445,-1.29249,-1.09349,1
p446,-0.915062,-0.76688,1
p447,-0.730401,-1.37044,1
p448,-0.777319,-1.32382,1
p449,-0.498421,-0.898576,1
p450,-0.625902,-1.26929,1
p451,-0.182185,-0.769407,1
p452,-0.174285,-0.459806,1
p453,-0.960536,-1.12685,1
p454,-0.277007,-0.899446,1
p455,-0.56076,-1.17863,1
p456,-0.355404,-0.637641,1
p457,-0.298993,-1.12845,1
p458,-1.10705,-1.08862,1
p459,-1.13098,-1.02157,1
p460,-0.715753,-0.77472,1
p461,-0.195991,-0.450654,1
p462,-0.681426,-0.593169,1
p463,0.108206,-0.67575,1
p464,-1.09151,-1.10584,1
p465,-0.707375,-0.475471,1
p466,-1.21409,-1.2931,1
p467,-0.292169,-0.814556,1
p468,-0.385472,-0.389199,1
p469,-1.26706,-1.30947,1
p470,-0.874107,-0.833437,1
p471,-0.659414,-0.8532,1
p472,-0.681853,-1.08299,1
p473,-1.10614,-1.04443,1
p474,-0.571177,-0.417008,1
p475,-0.462271,-0.910894,1
p476,-0.354548,-0.803012,1
p477,-0.777922,-0.803465,1
p478,-1.27799,-1.21973,1
p479,-1.00395,-0.761536,1
p480,-1.24118,-1.05174,1
p481,-1.0451,-1.02135,1
p482,-0.608522,-0.63535,1
p483,-0.90732,-0.849307,1
p484,-0.0505805,-0.431026,1
p485,-0.37581,-0.860936,1
p486,-0.44173,-0.40405,1
p487,-0.910093,-0.759674,1
p488,0.043249,-0.677371,1
p489,-0.61932,-1.09073,1
p490,-0.665368,-0.728251,1
p491,-0.46622,-0.566079,1
p492,-0.358785,-0.882301,1
p493,-0.130863,-0.615564,1
p494,-0.724986,-1.07296,1
p495,-1.00521,-0.805759,1
p496,-1.02802,-0.985118,1
p497,-0.73059,-0.812582,1
p498,-1.09256,-1.0684,1
p499,-1.12923,-1.17632,1
p500,-0.699978,-1.0653,1
p501,-1.26693,-1.0737,1
p502,-0.505136,-1.09663,1
p503,-0.507377,-0.937279,1
p504,-0.6485,-0.97827,1
p505,-0.253015,-0.299061,1
p506,-1.3268,-1.29094,1
p507,-0.181996,-0.58362,1
p508,-0.580835,-1.29951,1
p509,-0.449959,-0.542528,1
p510,-1.09263,-1.21906,1
p511,0.238067,-0.00717195,2
p512,0.42792,-0.705422,2
p513,0.470069,-1.10786,2
p514,0.187217,-0.430533,2
p515,0.20264,-1.44527,2
p516,0.340183,-1.85069,2
p517,0.218326,-0.635772,2
p518,0.680357,-2.07259,2
p519,0.469438,-1.71588,2
p520,0.79501,-1.97654,2
p521,0.278575,-0.344229,2
p522,0.393422,-0.546445,2
p523,0.023394,-0.265907,2
p524,0.43681,-1.04187,2
p525,0.648048,-0.413909,2
p526,0.908289,-1.86631,2
p527,0.508581,-1.67309,2
p528,0.593301,-1.0187,2
p529,0.361836,-1.5854,2
p530,0.895863,-1.64618,2
p531,0.724667,-1.63772,2
p532,0.370684,-0.831208,2
p533,0.634507,-0.807883,2
p534,0.38234,-0.519807,2
p535,0.332305,-0.636637,2
p536,-0.0525235,-1.06145,2
p537,0.357932,-1.71915,2
p538,0.751346,-2.00827,2
p539,0.290885,-0.271663,2
p540,0.323001,-0.517068,2
p541,0.512287,-0.593035,2
p542,0.444458,-0.11137,2
p543,0.0633821,-0.10643,2
p544,0.699186,-1.63663,2
p545,0.230282,-0.420659,2
p546,0.907548,-1.71055,2
p547,0.306021,-1.63728,2
p548,0.371701,-0.866207,2
p549,0.281305,-0.672139,2
p550,0.921994,-1.68898,2
p551,0.710264,-1.82268,2
p552,0.400457,-0.87658,2
p553,0.104783,-0.87221,2
p554,0.825857,-1.64378,2
p555,0.923912,-1.46054,2
p556,0.885918,-1.17161,2
p557,0.725678,-0.955161,2
p558,0.840385,-1.05407,2
p559,0.641939,-1.92625,2
p560,0.71823,-1.93381,2
p561,0.685935,-1.38729,2
p562,0.423118,-0.587217,2
p563,0.374473,-0.665414,2
p564,0.0826913,-0.694233,2
p565,0.0397671,-0.4941,2
p566,0.308327,-0.272508,2
p567,0.261035,-0.177501,2
p568,0.116984,-0.470376,2
p569,0.122722,-0.148356,2
p570,0.489876,-0.606284,2
p571,0.157811,-0.595826,2
p572,0.433258,-0.20671,2
p573,0.760996,-2.01636,2
p574,0.394278,-0.890858,2
p575,0.0674165,-0.850199,2
p576,0.782157,-2.03402,2
p577,0.925556,-1.61261,2
p578,0.350003,-1.81808,2
p579,0.474078,-1.66973,2
p580,0.476258,-1.2492,2
p581,0.179427,-0.26876,2
p582,0.665403,-1.10211,2
p583,0.829398,-1.69278,2
p584,0.298449,-0.819636,2
p585,0.439315,-0.884949,2
p586,0.707852,-1.42803,2
p587,0.436991,-0.335487,2
p588,0.296569,-1.69729,2
p589,0.634898,-1.92032,2
p590,0.557186,-1.23469,2
p591,0.466657,-1.38051,2
p592,0.67102,-0.790668,2
p593,0.255157,-0.519566,2
p594,0.51833,-0.879573,2
p595,0.427874,-0.740804,2
p596,0.182093,-0.145031,2
p597,0.098514,-0.0505372,2
p598,0.736842,-1.85021,2
p599,0.395813,-0.522705,2
p600,0.616193,-1.80666,2
p601,-0.082348,-0.235518,2
p602,0.189615,-0.787799,2
p603,0.112197,-1.02616,2
p604,0.834236,-1.5287,2
p605,0.410432,-0.692162,2
p606,0.322462,-0.961534,2
p607,-0.0368497,-0.416353,2
p608,0.330404,-0.192481,2
p609,0.31681,-0.954505,2
p610,0.288957,-0.896038,2
p611,0.6291,-1.27119,2
p612,0.651174,-1.55425,2
p613,0.0316789,-0.784205,2
p614,0.866972,-1.50673,2
p615,0.896008,-1.19625,2
p616,0.37905,-1.52257,2
p617,0.667735,-1.65535,2
p618,0.510834,-1.61594,2
p619,0.29783,-0.688076,2
p620,0.400898,-0.495844,2
p621,0.495634,-1.03005,2
p622,0.632156,-1.53119,2
p623,0.486145,-1.70235,2
p624,0.883268,-1.16256,2
p625,0.156571,-1.20913,2
p626,0.717457,-1.51334,2
p627,0.468773,-1.54298,2
p628,0.729059,-1.74969,2
p629,0.390174,-1.88223,2
p630,0.457606,-1.64774,2
p631,0.125347,-0.766003,2
p632,0.5935,-1.63753,2
p633,0.0310201,-0.400248,2
p634,0.455619,-0.930063,2
p635,0.0649793,-0.326973,2
p636,0.834438,-1.62004,2
p637,0.501116,-0.514296,2
p638,0.418109,-0.618317,2
p639,0.271796,-0.544253,2
p640,0.278471,-0.513663,2
p641,0.593077,-1.23976,2
p642,0.533088,-1.24382,2
p643,0.317756,-1.0984,2
p644,0.332484,-0.998851,2
p645,0.312374,-0.463874,2
p646,0.389919,-1.01658,2
p647,0.837064,-1.01422,2
p648,0.350737,-0.68065,2
p649,0.739923,-1.44563,2
p650,-0.0594821,-0.983127,2
p651,0.786831,-1.6883,2
p652,0.106552,-0.207031,2
p653,0.398151,-0.673305,2
p654,0.116712,-0.494175,2
p655,0.516163,-1.73648,2
p656,0.347398,-0.104067,2
p657,0.543399,-1.23903,2
p658,0.400553,-0.292625,2
p659,0.41854,-1.39744,2
p660,0.342257,-0.809184,2
p661,0.732745,-0.749631,2
p662,0.864564,-1.79073,2
p663,0.122575,-0.432467,2
p664,0.218505,-0.326006,2
p665,0.284174,-0.932908,2
p666,0.889619,-1.94305,2
p667,0.194696,-0.451223,2
p668,0.366126,-1.1617,2
p669,0.88949,-1.65616,2
p670,0.546734,-1.36361,2
p671,0.300698,-0.67797,2
p672,0.0954053,-0.314732,2
p673,0.402964,-1.59012,2
p674,0.589163,-1.73295,2
p675,0.523994,-1.05098,2
p676,0.103531,-0.865394,2
p677,0.375653,-0.852944,2
p678,0.499641,-0.458344,2
p679,0.526355,-1.25902,2
p680,0.528895,-1.30765,2
p681,0.442989,-1.8268,2
p682,0.364539,-0.817241,2
p683,0.473143,-1.20121,2
p684,0.104814,-0.0276883,2
p685,0.627123,-1.72508,2
p686,0.786295,-1.92522,2
p687,0.79819,-2.00459,2
p688,0.407597,-0.255139,2
p689,0.720408,-1.8098,2
p690,0.862839,-1.5084,2
p691,0.20713,-0.134672,2
p692,0.0989281,-1.05991,2
p693,0.527698,-1.57156,2
p694,0.852448,-1.49168,2
p695,0.458215,-1.41371,2
p696,0.434893,-1.86663,2
p697,0.931266,-1.42377,2
p698,0.220042,-0.416797,2
p699,0.813952,-1.61493,2
p700,0.305121,-0.533808,2
p701,0.859022,-1.37641,2
p702,0.890718,-1.59721,2
p703,0.493736,-0.67982,2
p704,0.0205325,-0.415909,2
p705,0.662804,-1.17963,2
p706,0.608057,-0.817472,2
p707,0.357345,-1.51751,2
p708,-0.0429302,-0.47183,2
p709,-0.0400821,-0.0917849,2
p710,0.0147169,-0.484387,2
p711,0.633968,-1.55005,2
p712,0.34941,-1.22534,2
p713,0.210248,-1.64672,2
p714,0.587426,-1.17593,2
p715,0.581015,-0.748169,2
p716,0.132377,0.0378181,2
p717,-0.100809,-0.872633,2
p718,0.144014,-1.15494,2
p719,0.30473,-1.41767,2
p720,0.478492,-1.97792,2
p721,0.0734793,-0.11154,2
p722,0.812701,-0.931525,2
p723,0.227361,-1.39116,2
p724,0.734839,-1.96693,2
p725,0.505495,-1.75249,2
p726,0.595576,-0.946911,2
p727,0.435454,-1.27356,2
p728,0.570472,-1.36159,2
p729,0.538041,-1.38275,2
p730,-0.0839808,-0.185155,2
p731,0.0184443,-0.507165,2
p732,0.260132,-0.764641,2
p733,0.748025,-1.90808,2
p734,0.601764,-1.62384,2
p735,-0.102143,-0.803558,2
p736,0.647418,-1.57157,2
p737,0.161976,-1.22719,2
p738,0.138844,-1.41281,2
p739,0.0621096,-0.368256,2
p740,-0.149918,-0.497413,2
p741,0.208675,-0.314835,2
p742,0.149121,-1.27651,2
p743,0.236395,-0.686312,2
p744,0.651693,-1.68119,2
p745,0.570237,-1.29827,2
p746,0.356314,-1.85353,2
p747,0.570152,-0.357795,2
p748,0.67479,-0.750087,2
p749,0.477588,-1.07931,2
p750,0.502877,-1.33874,2
p751,0.488962,-0.699272,2
p752,0.617141,-1.42918,2
p753,0.466684,-1.20281,2
p754,0.14043,-0.583566,2
p755,0.844264,-1.26526,2
p756,-0.383123,0.156916,3
p757,-0.547379,0.281453,3
p758,-1.0454,-0.271295,3
p759,-0.592884,0.014469,3
p760,-0.551419,0.27497,3
p761,-0.533184,0.231423,3
p762,-0.786364,-0.144952,3
p763,-0.59496,-0.0332093,3
p764,-0.54742,0.0472491,3
p765,-0.921969,0.0128166,3
p766,-0.937349,-0.471369,3
p767,-1.07258,-0.212881,3
p768,-0.399802,0.0871846,3
p769,-0.726906,-0.0544109,3
p770,-0.746533,-0.260019,3
p771,-0.98872,-0.18353,3
p772,-0.790664,-0.0288557,3
p773,-0.536778,0.258068,3
p774,-0.616887,0.089255,3
p775,-0.449192,0.229897,3
p776,-1.07688,-0.471615,3
p777,-0.5089,-0.136438,3
p778,-0.58089,-0.0736576,3
p779,-0.860469,-0.0967532,3
p780,-0.716509,-0.076199,3
p781,-0.936604,-0.2577,3
p782,-0.776411,-0.112322,3
p783,-0.65509,0.00870214,3
p784,-1.0227,-0.0214732,3
p785,-0.866753,-0.133433,3
p786,-0.699575,-0.166717,3
p787,-0.494521,0.0687035,3
p788,-0.708276,-0.0108819,3
p789,-0.420872,0.207053,3
p790,-0.997302,-0.336246,3
p791,-0.432228,0.197608,3
p792,-0.683049,0.223369,3
p793,-1.08131,-0.119312,3
p794,-0.453369,0.163737,3
p795,-0.345707,0.144791,3
p796,-0.89937,-0.392761,3
p797,-0.819677,-0.29856,3
p798,-0.806117,-0.200876,3
p799,-0.925599,-0.184537,3
p800,-0.608855,-0.133443,3
p801,-0.600213,-0.0999224,3
p802,-0.599469,-0.146535,3
p803,-0.494433,0.0339885,3
p804,-0.686858,0.209582,3
p805,-0.361982,0.223014,3
p806,-0.805741,-0.195006,3
p807,-0.722616,0.00123137,3
p808,-0.443891,0.0459839,3
p809,-0.746161,0.0511602,3
p810,-0.744888,-0.210243,3
p811,-1.01377,-0.248677,3
p812,-0.2986,0.129082,3
p813,-0.556536,0.29878,3
p814,-0.992937,-0.0316544,3
p815,-1.12082,-0.390688,3
p816,-0.982192,-0.337949,3
p817,-0.76143,0.0408248,3
p818,-0.37495,0.22632,3
p819,-1.14776,-0.336479,3
p820,-1.09907,-0.219763,3
p821,-0.49622,0.280096,3
p822,-0.775829,-0.170054,3
p823,-0.397443,0.0737361,3
p824,-0.44498,0.11019,3
p825,-0.62159,0.000153581,3
p826,-0.830423,-0.212516,3
p827,-0.438819,0.111357,3
p828,-0.57141,0.0328813,3
p829,-0.482474,-0.110558,3
p830,-0.459916,0.116074,3
p831,-0.934815,-0.0427875,3
p832,-0.705867,-0.061197,3
p833,-1.08124,-0.361082,3
p834,-0.530664,-0.285634,3
p835,-0.868549,-0.137022,3
p836,-0.810605,-0.148487,3
p837,-0.951446,-0.353337,3
p838,-0.358624,0.200085,3
p839,-0.782671,-0.0431131,3
p840,-0.546209,0.0495554,3
p841,-0.714896,-0.131652,3
p842,-1.12067,-0.384776,3
p843,-0.990575,-0.2448,3
p844,-0.780579,0.0659113,3
p845,-0.366553,0.223825,3
p846,-1.02926,-0.462211,3
p847,-0.761666,-0.362545,3
p848,-0.935819,-0.353501,3
p849,-0.508411,-0.107195,3
p850,-0.360843,0.152079,3
p851,-0.892562,-0.250732,3
p852,-0.684635,-0.149164,3
p853,-0.370483,0.101531,3
p854,-0.439897,0.159603,3
p855,-0.467145,0.12516,3
p856,-1.1254,-0.392435,3
p857,-0.802299,-0.364804,3
p858,-0.693153,-0.182293,3
p859,-0.592541,0.0661015,3
p860,-0.407758,0.0968848,3
p861,-0.548139,-0.0701562,3
p862,-0.944666,-0.135957,3
p863,-0.364086,0.0440306,3
p864,-0.248619,0.203008,3
p865,-0.952403,-0.0560764,3
p866,-1.08421,-0.378878,3
p867,-0.672981,0.270415,3
p868,-0.945382,-0.255598,3
p869,-0.495925,0.0084703,3
p870,-0.80657,-0.28696,3
p871,-0.885446,-0.322137,3
p872,-0.783982,-0.0534464,3
p873,-0.869406,-0.0950074,3
p874,-0.86801,-0.104707,3
p875,-0.929671,-0.328823,3
p876,-1.0232,-0.320777,3
p877,-0.761395,-0.0315183,3
p878,-0.744821,-0.128346,3
p879,-0.735364,-0.0236075,3
p880,-0.3335,-0.0369676,3
p881,-0.742269,-0.146627,3
p882,-0.479886,-0.146146,3
p883,-0.929708,-0.436978,3
p884,-1.03944,-0.224999,3
p885,-0.502631,-0.0856343,3
p886,-1.12021,-0.18994,3
p887,-0.769022,0.0682763,3
p888,-0.881136,-0.473888,3
p889,-0.768643,0.0894311,3
p890,-1.0916,-0.482233,3
p891,-0.488124,0.0971132,3
p892,-0.459308,-0.0742112,3
p893,-0.848517,-0.116871,3
p894,-0.73095,-0.0627343,3
p895,-1.02209,-0.230111,3
p896,-0.648586,0.116712,3
p897,-0.588398,-0.173814,3
p898,-0.561121,-0.0728965,3
p899,-0.427781,-0.0469641,3
p900,-1.06491,-0.376132,3
p901,-0.734041,-0.264766,3
p902,-0.420085,-0.0216298,3
p903,-0.936609,-0.234834,3
p904,-0.768043,0.112558,3
p905,-1.12382,-0.396743,3
p906,-0.766095,-0.13577,3
p907,-0.7966,-0.437327,3
p908,-0.610667,-0.0325635,3
p909,-0.84635,-0.275342,3
p910,-0.660882,-0.298422,3
p911,-1.04275,-0.0662052,3
p912,-0.317987,0.0815169,3
p913,-1.00281,-0.211986,3
p914,-1.07826,-0.368738,3
p915,-0.552157,0.224372,3
p916,-0.700045,-0.094279,3
p917,-0.545648,-0.103662,3
p918,-0.697906,-0.410252,3
p919,-0.584104,0.219362,3
p920,-0.648605,-0.191658,3
p921,-0.601347,-0.252835,3
p922,-0.689686,0.0252886,3
p923,-0.814881,-0.348118,3
p924,-0.982702,-0.256085,3
p925,-0.363007,0.22526,3
p926,-0.365161,0.0283808,3
p927,-0.757597,-0.207377,3
p928,-1.125,-0.419707,3
p929,-0.347558,0.0633845,3
p930,-0.751033,-0.239633,3
p931,-0.977157,-0.0980769,3
p932,-0.791542,-0.0287364,3
p933,-0.666349,0.150596,3
p934,-0.954316,-0.335431,3
p935,-1.0559,-0.463015,3
p936,-0.777793,-0.138125,3
p937,-0.791774,-0.208183,3
p938,-0.449296,0.0483815,3
p939,-0.791118,-0.28321,3
p940,-0.622543,-0.0970555,3
p941,-1.12708,-0.42374,3
p942,-0.542692,-0.177374,3
p943,-0.97281,-0.134768,3
p944,-0.873486,-0.0301462,3
p945,-0.815425,-0.0699339,3
p946,-0.67612,-0.223332,3
p947,-0.863173,-0.407102,3
p948,-1.06412,-0.386641,3
p949,-0.792869,-0.000313855,3
p950,-0.983715,-0.257131,3
p951,-0.98501,-0.35388,3
p952,-1.01288,-0.285744,3
p953,-0.661108,0.00102407,3
p954,-0.531605,0.202404,3
p955,-0.854436,-0.225311,3
p956,-0.421008,0.16016,3
p957,-0.479008,0.172055,3
p958,-0.638654,0.025593,3
p959,-0.679929,0.0530822,3
p960,-0.591701,0.0455422,3
p961,-0.545826,0.2089,3
p962,-0.756165,0.101135,3
p963,-0.389061,-0.0928315,3
p964,-0.788546,-0.11078,3
p965,-0.955364,-0.286587,3
p966,-0.936613,-0.285472,3
p967,-0.647783,0.151692,3
p968,-0.507694,0.329059,3
p969,-0.344872,0.0636111,3
p970,-0.78851,-0.129404,3
p971,-0.507531,0.294921,3
p972,-0.861716,0.0019616,3
p973,-0.397781,0.173468,3
p974,-0.764621,-0.126542,3
p975,-0.904088,-0.179347,3
p976,-0.682825,-0.187707,3
p977,-0.635204,0.0609715,3
p978,-0.789118,-0.302519,3
p979,-0.629334,-0.0914825,3
p980,-0.735339,-0.209917,3
p981,-0.654029,-0.381653,3
p982,-0.820138,-0.207869,3
p983,-0.451914,0.0635743,3
p984,-0.944729,-0.250617,3
p985,-0.586914,-0.00801127,3
p986,-0.748149,-0.200591,3
p987,-0.952178,-0.135659,3
p988,-0.866471,-0.253034,3
p989,-1.03528,-0.319336,3
p990,-1.02586,-0.268704,3
p991,-0.971975,-0.398256,3
p992,-0.513215,-0.00961867,3
p993,-0.531162,-0.146538,3
p994,-0.720441,-0.0301212,3
p995,-0.652784,-0.0368334,3
p996,-0.489828,0.0575697,3
p997,-0.754014,-0.232656,3
p998,-0.719748,-0.211525,3
p999,-0.587752,0.0397916,3
p1000,-0.331377,0.234193,3
p1001,-0.638629,0.0828659,3
p1002,-0.85139,-0.423599,3
p1003,-0.839424,-0.202079,3
p1004,-0.866607,-0.287892,3
p1005,-0.784712,-0.22328,3
p1006,-0.791655,0.109028,3
p1007,-0.72527,-0.0880159,3
p1008,-0.877058,-0.447497,3
p1009,-1.07886,-0.339066,3
p1010,-0.611358,0.28606,3
p1011,-0.808677,-0.227808,3
p1012,-0.565579,0.314292,3
p1013,-0.976544,-0.475981,3
p1014,-0.780248,-0.163606,3
p1015,-1.0539,-0.381849,3
p1016,-0.790829,-0.179613,3
p1017,-0.826471,-0.1052,3
p1018,-0.862622,-0.279481,3
p1019,-0.769797,-0.296301,3
p1020,-0.69095,-0.282956,3
p1021,-0.781507,-0.335677,3
p1022,-0.701172,-0.0592888,3
p1023,-1.06483,-0.349662,3
p1024,-0.72146,-0.180597,3
p1025,-1.02704,-0.298096,3
p1026,-0.897536,-0.077282,3
p1027,-0.877581,-0.392635,3
p1028,-1.01272,-0.349326,3
p1029,-0.608874,-0.294476,3
p1030,-0.644302,0.0341158,3
p1031,-0.737913,-0.285403,3
p1032,-0.94398,-0.39349,3
p1033,-0.43584,0.0345471,3
p1034,-0.712579,-0.175568,3
p1035,-0.284844,0.00229934,3
p1036,-0.951369,-0.169418,3
p1037,-0.322739,0.0653584,3
p1038,-0.596223,0.0170899,3
p1039,-0.30554,0.225394,3
p1040,-0.590104,0.0228859,3
p1041,-0.8236,-0.152897,3
p1042,-0.458814,0.110076,3
p1043,-0.335552,-0.029697,3
p1044,-0.342418,0.0367625,3
p1045,-0.257301,0.0660394,3
p1046,-0.968436,-0.20889,3
p1047,-0.716777,-0.0421644,3
p1048,-0.758648,-0.205754,3
p1049,-0.755895,-0.2718,3
p1050,-0.476947,0.116772,3
p1051,-0.961339,-0.306375,3
p1052,-0.740577,0.0892198,3
p1053,-0.734291,-0.0855882,3
p1054,-0.450828,0.155541,3
p1055,-0.321899,0.0183489,3
p1056,-0.764641,-0.129364,3
p1057,-0.581128,-0.0872383,3
p1058,-0.489181,-0.109541,3
p1059,-0.892744,-0.43013,3
p1060,-0.524905,0.185377,3
p1061,-0.423424,0.251631,3
p1062,-0.355658,0.0312762,3
p1063,-0.590229,0.033754,3
p1064,-0.423885,0.171096,3
p1065,-1.05299,-0.15279,3
p1066,-0.414169,0.043697,3
p1067,-0.589594,0.0175102,3
p1068,-0.627538,0.0974152,3
p1069,-0.498946,0.11847,3
p1070,-0.332004,-0.0192077,3
p1071,-0.476254,-0.227542,3
p1072,-0.61796,0.0265572,3
p1073,-0.714,-0.118118,3
p1074,-0.45158,0.0408138,3
p1075,-1.07594,-0.122593,3
p1076,-1.03818,-0.395232,3
p1077,-0.685501,0.0381956,3
p1078,-0.636857,0.000236859,3
p1079,-0.360401,0.113732,3
p1080,-0.476823,-0.0151992,3
p1081,-0.812439,-0.240658,3
p1082,-0.825099,-0.128493,3
p1083,-0.594532,-0.0737793,3
p1084,-1.09158,-0.413119,3
p1085,-0.86712,-0.00986158,3
p1086,-0.839292,-0.00221667,3
p1087,-1.08953,-0.351021,3
p1088,-0.564735,-0.28988,3
p1089,-0.56789,-0.109518,3
p1090,-0.662384,-0.0367546,3
p1091,-0.448214,-0.085967,3
p1092,-0.679352,-0.117129,3
p1093,-0.812223,-0.0344599,3
p1094,-0.444578,0.118598,3
p1095,-0.993459,-0.130854,3
p1096,-0.730421,0.130377,3
p1097,-1.03701,-0.389156,3
p1098,-0.407531,-0.0062884,3
p1099,-0.779928,-0.0964418,3
p1100,-0.798307,0.0633905,3
p1101,-0.582139,-0.259975,3
p1102,-0.690038,-0.15594,3
p1103,-0.713462,0.0897617,3
p1104,-0.502766,0.0794581,3
p1105,-1.04328,-0.345458,3
p1106,-0.597957,0.0134567,3
p1107,-0.49699,0.236015,3
p1108,-0.952334,-0.324828,3
p1109,-0.912484,-0.111411,3
p1110,-0.684891,-0.221239,3
p1111,-0.438753,0.215766,3
p1112,-0.848097,-0.0703957,3
p1113,-0.380014,0.262404,3
p1114,-0.658323,0.0246616,3
p1115,-0.916398,-0.250074,3
p1116,-0.41369,-0.100389,3
p1117,-0.485275,0.0244291,3
p1118,-0.706932,-0.0136891,3
p1119,-0.499082,0.0983105,3
p1120,-0.368934,0.2012,3
p1121,-0.917699,-0.296917,3
p1122,-0.784592,-0.136452,3
p1123,-0.829509,-0.261071,3
p1124,-0.777592,-0.155753,3
p1125,-0.295523,0.0097151,3
p1126,-0.863781,0.0390469,3
p1127,-0.509091,0.00185758,3
p1128,-0.679464,-0.168336,3
p1129,-0.481536,0.264602,3
p1130,-0.823146,-0.0906565,3
p1131,-0.643795,0.243937,3
p1132,-0.330955,0.0926539,3
p1133,-0.909289,-0.286745,3
p1134,-0.846772,0.0309829,3
p1135,-0.592709,-0.0722269,3
p1136,-0.653478,-0.0211896,3
p1137,-0.292867,0.13263,3
p1138,-0.742496,0.217485,3
p1139,-0.892802,-0.139632,3
p1140,-0.601253,-0.067177,3
p1141,-0.327558,0.21395,3
p1142,-0.445171,0.106915,3
p1143,-1.07338,-0.220175,3
p1144,-0.452322,0.0879708,3
p1145,-0.875378,0.0410005,3
p1146,-0.397128,0.238198,3
p1147,-0.462413,0.0944272,3
p1148,-0.592626,0.247096,3
p1149,-0.651749,0.11668,3
p1150,-0.766534,0.138251,3
p1151,-0.976981,-0.0755463,3
p1152,-0.597135,-0.192171,3
p1153,-0.953618,-0.290175,3
p1154,-0.285984,0.157311,3
p1155,-0.778828,-0.376524,3
p1156,-0.499928,0.258331,3
p1157,-0.534532,0.225048,3
p1158,-0.431325,0.0530829,3
p1159,-0.464228,-0.0912818,3
p1160,-0.861044,-0.115616,3
p1161,-0.382984,0.0258964,3
p1162,-0.914532,-0.42749,3
p1163,-0.634164,0.140924,3
p1164,-0.414653,0.161527,3
p1165,-0.250492,0.240111,3
p1166,-0.476081,-0.0471852,3
p1167,-0.712639,-0.000287579,3
p1168,-0.436035,0.0464121,3
p1169,-0.677867,-0.0564805,3
p1170,-1.1584,-0.349752,3
p1171,-0.451471,0.297812,3
p1172,-1.15607,-0.38401,3
p1173,-0.802718,-0.334925,3
p1174,-0.38971,-0.111943,3
p1175,-0.724823,-0.114944,3
p1176,-1.07373,-0.406103,3
p1177,-0.71933,0.0381464,3
p1178,-0.392012,0.20731,3
p1179,-0.523968,0.0572291,3
p1180,-0.619605,-0.05009,3
p1181,-0.683685,0.180501,3
p1182,-0.9829,-0.287968,3
p1183,-1.11945,-0.280484,3
p1184,-0.663586,-0.200908,3
p1185,-0.639082,-0.014475,3
p1186,-0.856036,-0.374087,3
p1187,-0.652474,-0.0720822,3
p1188,-0.44086,0.269011,3
p1189,-0.38704,-0.0346511,3
p1190,-1.03317,-0.349751,3
p1191,-0.767984,0.0154936,3
p1192,-0.771411,0.0779979,3
p1193,-0.448234,-4.29E-06,3
p1194,-0.961491,-0.144846,3
p1195,-0.935642,-0.254891,3
p1196,-0.927466,-0.0406611,3
p1197,-0.680966,0.0949059,3
p1198,-0.271442,0.189163,3
p1199,-0.696007,0.0673026,3
p1200,-0.406876,-0.0994364,3
p1201,-0.54292,0.121293,3
p1202,-0.581702,0.00666075,3
p1203,-0.759,0.147751,3
p1204,-0.574804,-0.178167,3
p1205,-0.551773,0.147736,3
p1206,-0.692128,0.170886,3
p1207,-0.58739,0.110388,3
p1208,-0.658042,-0.0366888,3
p1209,-0.978027,-0.0320484,3
p1210,-1.00833,-0.315674,3
p1211,-0.747622,-0.365326,3
p1212,-0.946044,-0.273863,3
p1213,0.454008,0.611598,4
p1214,0.501937,0.935412,4
p1215,0.278136,0.0655345,4
p1216,0.488494,0.518784,4
p1217,0.451479,0.402504,4
p1218,0.423118,0.811181,4
p1219,0.510445,1.06779,4
p1220,0.431105,1.12627,4
p1221,0.406604,0.58808,4
p1222,0.513911,0.730462,4
p1223,0.560323,0.523379,4
p1224,0.613915,0.913648,4
p1225,0.449673,0.562453,4
p1226,0.35634,0.822409,4
p1227,0.402358,0.760875,4
p1228,0.515407,0.95605,4
p1229,0.503116,0.821612,4
p1230,0.371762,0.267497,4
p1231,0.540334,0.640153,4
p1232,0.40267,0.555014,4
p1233,0.246459,0.206633,4
p1234,0.327428,0.775523,4
p1235,0.469583,0.32695,4
p1236,0.348765,0.0982536,4
p1237,0.194578,0.811878,4
p1238,0.310574,0.216897,4
p1239,0.565579,1.32793,4
p1240,0.289588,0.574654,4
p1241,0.197636,0.178319,4
p1242,0.468017,1.08451,4
p1243,0.380541,0.34334,4
p1244,0.608921,0.573115,4
p1245,0.483605,1.01356,4
p1246,0.317143,0.284149,4
p1247,0.457527,0.330631,4
p1248,0.284859,0.740981,4
p1249,0.510174,0.658006,4
p1250,0.295524,0.418532,4
p1251,0.133064,0.35313,4
p1252,0.397121,0.638987,4
p1253,0.469264,1.29295,4
p1254,0.53919,0.553954,4
p1255,0.337127,-0.00213247,4
p1256,0.561659,1.1428,4
p1257,0.295204,0.126359,4
p1258,0.30157,-0.00298163,4
p1259,0.660384,0.833293,4
p1260,0.229589,0.0252335,4
p1261,0.418147,0.0786277,4
p1262,0.453579,0.854742,4
p1263,0.511847,1.23824,4
p1264,0.209727,0.704821,4
p1265,0.55275,1.28172,4
p1266,0.356966,0.180715,4
p1267,0.412551,0.517915,4
p1268,0.330434,0.0611723,4
p1269,0.461037,0.581875,4
p1270,0.483874,0.609135,4
p1271,0.493196,0.974774,4
p1272,0.242054,0.583919,4
p1273,0.587184,0.858373,4
p1274,0.276599,0.148355,4
p1275,0.401827,0.708136,4
p1276,0.435717,0.775388,4
p1277,0.295229,0.14405,4
p1278,0.51066,0.267659,4
p1279,0.625034,1.18334,4
p1280,0.501349,1.13973,4
p1281,0.421681,1.22741,4
p1282,0.334159,0.658978,4
p1283,0.329174,0.182595,4
p1284,0.374988,1.00293,4
p1285,0.308011,0.358225,4
p1286,0.417897,0.1297,4
p1287,0.467541,0.873631,4
p1288,0.520592,0.765266,4
p1289,0.548766,0.733409,4
p1290,0.279261,0.998584,4
p1291,0.252288,0.201023,4
p1292,0.585447,1.3194,4
p1293,0.381797,0.378398,4
p1294,0.438342,0.501764,4
p1295,0.519574,0.804652,4
p1296,0.497816,0.642374,4
p1297,0.154919,0.55425,4
p1298,0.390757,0.586117,4
p1299,0.39898,0.350417,4
p1300,0.330886,0.156711,4
p1301,0.324542,0.253285,4
p1302,0.619371,0.807274,4
p1303,0.663121,0.85834,4
p1304,0.47224,0.727615,4
p1305,0.468938,0.924178,4
p1306,0.345476,0.928236,4
p1307,0.440474,0.75612,4
p1308,0.383453,0.596436,4
p1309,0.585133,0.633316,4
p1310,0.370827,0.0718791,4
p1311,0.297863,0.586041,4
p1312,0.371086,0.884919,4
p1313,0.546322,0.732025,4
p1314,0.367476,0.226002,4
p1315,0.461153,0.655235,4
p1316,0.18205,0.504004,4
p1317,0.54362,1.27628,4
p1318,0.573967,0.824149,4
p1319,0.283569,1.02668,4
p1320,0.286296,0.808626,4
p1321,0.361094,0.36021,4
p1322,0.454996,0.729501,4
p1323,0.344294,0.897487,4
p1324,0.444018,0.969105,4
p1325,0.613027,0.977982,4
p1326,0.602914,0.900409,4
p1327,0.242444,0.175309,4
p1328,0.556794,1.02345,4
p1329,0.551533,0.665425,4
p1330,0.620054,0.789999,4
p1331,0.409222,0.651206,4
p1332,0.277099,0.0680371,4
p1333,0.600046,1.10685,4
p1334,0.481093,1.1579,4
p1335,0.433963,0.880606,4
p1336,0.298221,0.155519,4
p1337,0.444218,0.167402,4
p1338,0.439299,1.05088,4
p1339,0.282735,0.290731,4
p1340,0.345565,0.462864,4
p1341,0.445691,0.314514,4
p1342,0.464774,0.882149,4
p1343,0.416542,0.629676,4
p1344,0.164924,0.586078,4
p1345,0.386347,0.644795,4
p1346,0.492486,1.12969,4
p1347,0.385353,1.01262,4
p1348,0.432484,0.829069,4
p1349,0.225086,0.0945587,4
p1350,0.334124,0.409337,4
p1351,0.348662,0.288564,4
p1352,0.277665,0.581378,4
p1353,0.213577,0.116904,4
p1354,0.543226,1.13987,4
p1355,0.474483,1.292,4
p1356,0.359905,0.520052,4
p1357,0.296848,0.728719,4
p1358,0.567603,1.20872,4
p1359,0.442187,1.03342,4
p1360,0.550565,1.32868,4
p1361,0.237092,0.153233,4
p1362,0.349713,0.130033,4
p1363,0.478411,1.0465,4
p1364,0.493327,1.03934,4
p1365,0.491629,0.58536,4
p1366,0.211244,0.226399,4
p1367,0.379282,0.512788,4
p1368,0.55468,1.27457,4
p1369,0.354847,0.0916074,4
p1370,0.207993,0.198166,4
p1371,0.555943,0.939316,4
p1372,0.391912,0.420343,4
p1373,0.297666,0.227292,4
p1374,0.268955,0.270923,4
p1375,0.444921,1.08771,4
p1376,0.468492,0.242331,4
p1377,0.246045,0.949223,4
p1378,0.482128,0.936327,4
p1379,0.460369,0.896152,4
p1380,0.189685,0.343026,4
p1381,0.497148,1.06291,4
p1382,0.225469,0.438429,4
p1383,0.297779,0.367671,4
p1384,0.452615,1.11298,4
p1385,0.297748,0.148147,4
p1386,0.527875,1.21288,4
p1387,0.378467,0.303518,4
p1388,0.323028,0.377656,4
p1389,0.354188,0.231141,4
p1390,0.27745,0.0765546,4
p1391,0.279493,0.207702,4
p1392,0.474808,0.864751,4
p1393,0.409382,0.688636,4
p1394,0.545347,1.21631,4
p1395,0.68953,1.06706,4
p1396,0.205217,0.772733,4
p1397,0.522385,1.20729,4
p1398,0.337007,0.297979,4
p1399,0.604347,0.923693,4
p1400,0.50867,1.06973,4
p1401,0.420945,0.749279,4
p1402,0.521105,1.25344,4
p1403,0.321051,0.705901,4
p1404,0.461914,1.11306,4
p1405,0.403037,0.902497,4
p1406,0.569045,1.21574,4
p1407,0.210484,0.132841,4
p1408,0.351601,1.14468,4
p1409,0.443668,0.903943,4
p1410,0.226075,0.0580103,4
p1411,0.283426,0.20501,4
p1412,0.38558,0.518066,4
p1413,0.60227,1.22528,4
p1414,0.482908,1.07904,4
p1415,0.527442,1.30311,4
p1416,0.510247,0.525603,4
p1417,0.459484,1.21983,4
p1418,0.521541,1.23966,4
p1419,0.516947,1.08651,4
p1420,0.357619,0.165707,4
p1421,0.544281,1.25602,4
p1422,0.239508,0.47984,4
p1423,0.540614,1.07117,4
p1424,0.320024,0.0396998,4
p1425,0.48169,0.923139,4
p1426,0.190367,0.194429,4
p1427,0.401925,1.06014,4
p1428,0.233668,0.399584,4
p1429,0.511294,0.854865,4
p1430,0.469551,0.848895,4
p1431,0.316697,0.525594,4
p1432,0.292958,0.258603,4
p1433,0.379179,0.247233,4
p1434,0.345046,0.348701,4
p1435,0.318285,0.716144,4
p1436,0.30353,0.124745,4
p1437,0.303789,0.246293,4
p1438,0.317613,0.210957,4
p1439,0.482521,0.611085,4
p1440,0.313223,0.181892,4
p1441,0.474473,0.909054,4
p1442,0.307649,0.736511,4
p1443,0.361672,0.459258,4
p1444,0.279103,0.350254,4
p1445,0.40184,0.391846,4
p1446,0.663455,1.06435,4
p1447,0.361736,0.0347136,4
p1448,0.306767,0.372788,4
p1449,0.387367,0.302477,4
p1450,0.413921,0.936322,4
p1451,0.375885,1.18061,4
p1452,0.27103,0.304222,4
p1453,0.349049,0.364258,4
p1454,0.207734,0.22223,4
p1455,0.429252,0.269052,4
p1456,0.466201,0.568006,4
p1457,0.414464,0.594355,4
p1458,0.472782,0.973474,4
p1459,0.322935,0.177274,4
p1460,0.332604,0.00904915,4
p1461,0.258952,0.109806,4
p1462,0.239818,-0.00684607,4
p1463,0.281606,0.0127975,4
p1464,0.335225,0.710728,4
p1465,0.360583,0.979992,4
p1466,0.401881,0.617296,4
p1467,0.297602,0.311893,4
p1468,0.437368,0.775165,4
p1469,0.19518,0.283355,4
p1470,0.296437,0.701995,4
p1471,0.474013,0.507138,4
p1472,0.308883,0.398975,4
p1473,0.409913,0.439677,4
p1474,0.354071,0.610175,4
p1475,0.286623,0.880571,4
p1476,0.172146,0.199469,4
p1477,0.486501,1.0993,4
p1478,0.385597,0.576179,4
p1479,0.468265,0.416188,4
p1480,0.342204,0.690953,4
p1481,0.369968,0.418209,4
p1482,0.664722,0.843545,4
p1483,0.18472,0.21001,4
p1484,0.317354,0.338666,4
p1485,0.476044,0.995269,4
p1486,0.426246,1.02268,4
p1487,0.368206,0.400798,4
p1488,0.531208,0.467812,4
p1489,0.358562,0.424998,4
p1490,0.419799,0.978011,4
p1491,0.439951,0.75895,4
p1492,0.498764,1.03097,4
p1493,0.563439,1.20059,4
p1494,0.605226,0.921115,4
p1495,0.287433,0.660283,4
p1496,0.459068,0.955673,4
p1497,0.395229,0.583031,4
p1498,0.352163,0.795886,4
p1499,0.404656,0.597975,4
p1500,0.514876,1.01628,4
p1501,0.416771,0.560545,4
p1502,0.423202,0.78284,4
p1503,0.471258,0.654128,4
p1504,0.275079,0.036588,4
p1505,0.256844,0.435122,4
p1506,0.348605,0.378641,4
p1507,0.256812,0.305547,4
p1508,0.473009,0.992935,4
p1509,0.291095,0.502142,4
p1510,0.509993,1.10564,4
p1511,0.3045,0.212641,4
p1512,0.384784,0.498272,4
p1513,0.219379,0.237488,4
p1514,0.389072,0.401197,4
p1515,0.442982,1.02559,4
p1516,0.425227,0.420758,4
p1517,0.540356,1.17448,4
p1518,0.347378,0.900614,4
p1519,0.396516,1.06053,4
p1520,0.408054,0.598803,4
p1521,0.316051,0.228242,4
p1522,0.561628,0.916681,4
p1523,0.490519,0.866789,4
p1524,0.381587,0.411674,4
p1525,0.369522,0.461998,4
p1526,0.345976,0.497717,4
p1527,0.392813,0.507023,4
p1528,0.2251,0.198469,4
p1529,0.482612,0.770281,4
p1530,0.360803,0.573503,4
p1531,0.593196,0.896892,4
p1532,0.551183,0.93417,4
p1533,0.570644,0.505305,4
p1534,0.20009,0.362489,4
p1535,0.389487,0.446547,4
p1536,0.500672,0.652414,4
p1537,0.213648,0.480428,4
p1538,0.364991,1.1851,4
p1539,0.240342,0.106153,4
p1540,0.3194,0.211247,4
p1541,0.30592,0.145813,4
p1542,0.527099,1.06962,4
p1543,0.391128,0.378401,4
p1544,0.461904,1.04907,4
p1545,0.558261,1.1894,4
p1546,0.477859,0.187281,4
p1547,0.349328,0.823788,4
p1548,0.420577,0.747165,4
p1549,0.338723,0.176036,4
p1550,0.387136,0.872514,4
p1551,0.412353,1.16303,4
p1552,0.380497,0.781088,4
p1553,0.605169,1.26887,4
p1554,0.439022,1.0744,4
p1555,0.544272,1.00046,4
p1556,0.305359,0.0879249,4
p1557,0.38634,0.719664,4
p1558,0.648865,1.1591,4
p1559,0.34584,0.338277,4
p1560,0.303809,0.12285,4
p1561,0.454861,1.08875,4
p1562,0.610839,1.27573,4
p1563,0.2801,0.359874,4
p1564,0.457499,0.444298,4
p1565,0.433269,0.493031,4
p1566,0.524651,1.17002,4
p1567,0.630095,0.539448,4
p1568,0.573823,0.493579,4
p1569,0.471136,1.04247,4
p1570,0.354292,0.220232,4
p1571,0.454836,1.28854,4
p1572,0.19608,0.411097,4
p1573,0.350283,0.326813,4
p1574,0.307867,0.712429,4
p1575,0.43636,0.689375,4
p1576,0.239835,0.655352,4
p1577,0.475724,1.11309,4
p1578,0.374565,0.503538,4
p1579,0.182809,0.705228,4
p1580,0.531189,1.23253,4
p1581,0.355811,0.530689,4
p1582,0.554156,0.59549,4
p1583,0.510845,0.821973,4
p1584,0.587787,0.450154,4
p1585,0.42628,1.16994,4
p1586,0.686354,0.850227,4
p1587,0.323584,0.279617,4
p1588,0.273699,0.433022,4
p1589,0.319447,0.382194,4
p1590,0.669881,1.01642,4
p1591,0.569782,0.930479,4
p1592,0.329157,0.28145,4
p1593,0.38834,0.274182,4
p1594,0.524989,0.774213,4
p1595,0.409604,0.686111,4
p1596,0.365759,0.246985,4
p1597,0.424765,0.312385,4
p1598,0.462115,0.815577,4
p1599,0.546175,0.429183,4
p1600,0.58045,1.27659,4
p1601,0.476912,0.752637,4
p1602,0.257687,0.281396,4
p1603,0.499417,0.405913,4
p1604,0.374147,0.873925,4
p1605,0.599377,1.03079,4
p1606,0.313744,0.210062,4
p1607,-0.563664,-0.739148,5
p1608,-0.801655,-0.0504945,5
p1609,-0.539647,-0.798443,5
p1610,-1.66047,-1.09006,5
p1611,-1.51213,-1.62406,5
p1612,-0.160629,-0.335638,5
p1613,-0.800544,-0.318157,5
p1614,-0.43195,-0.202665,5
p1615,-1.45107,-1.2775,5
p1616,-0.735782,-0.0443253,5
p1617,-0.918349,-1.21295,5
p1618,-1.34786,-1.28176,5
p1619,-1.57317,-1.15358,5
p1620,-0.888421,-0.799786,5
p1621,-2.0336,-1.57676,5
p1622,0.00260627,-0.153183,5
p1623,-0.544093,-0.293926,5
p1624,-0.744829,-0.36966,5
p1625,-1.98073,-1.67527,5
p1626,-0.685499,-0.50538,5
p1627,-1.77331,-1.23224,5
p1628,-1.12583,-1.01302,5
p1629,-1.46456,-1.09926,5
p1630,-2.2302,-1.3988,5
p1631,-1.50594,-0.629718,5
p1632,-1.09142,-0.53176,5
p1633,-2.02449,-1.70786,5
p1634,-1.36798,-1.06645,5
p1635,-1.83746,-0.756611,5
p1636,-0.0999097,-0.223641,5
p1637,-1.66498,-0.744756,5
p1638,-1.94778,-1.63443,5
p1639,-0.673394,0.0485337,5
p1640,-1.54366,-1.34174,5
p1641,-1.08486,-1.06818,5
p1642,-1.32916,-1.46777,5
p1643,-0.683962,-0.399039,5
p1644,-1.3682,-0.891617,5
p1645,-0.980909,-0.556326,5
p1646,-0.578589,-0.324772,5
p1647,-1.75055,-1.36928,5
p1648,-1.01667,-0.570159,5
p1649,-0.244547,-0.0556078,5
p1650,-1.06153,-0.986044,5
p1651,-1.90528,-1.39374,5
p1652,-0.687713,-0.379576,5
p1653,-0.484038,-0.0907334,5
p1654,-0.445367,-0.309697,5
p1655,-0.165507,-0.0875187,5
p1656,-0.686825,-0.309875,5
p1657,-1.0021,-1.30251,5
p1658,-0.554115,-0.469038,5
p1659,-0.465156,0.099785,5
p1660,-0.565086,-0.430694,5
p1661,-0.657965,-0.850134,5
p1662,-0.553541,-0.243865,5
p1663,-1.19041,-0.257725,5
p1664,-0.888556,-0.421407,5
p1665,-1.71155,-1.02518,5
p1666,-0.574683,-0.320431,5
p1667,-1.25939,-1.05816,5
p1668,-0.149297,-0.0759601,5
p1669,-0.467692,-0.436245,5
p1670,-1.07268,-1.1189,5
p1671,-2.03885,-1.58998,5
p1672,-0.812949,-0.608787,5
p1673,-1.78545,-1.76236,5
p1674,-0.49213,-0.394431,5
p1675,-1.42903,-1.21508,5
p1676,-1.98468,-1.21839,5
p1677,-0.603251,-0.0739707,5
p1678,-2.14777,-1.61503,5
p1679,-1.93101,-1.70866,5
p1680,-0.357296,-0.0460087,5
p1681,-1.18422,-0.362486,5
p1682,-0.883141,-1.11038,5
p1683,-1.87515,-1.11587,5
p1684,-1.10631,-0.288116,5
p1685,-1.89076,-1.43921,5
p1686,-1.58347,-1.166,5
p1687,-0.0996923,-0.0497302,5
p1688,-0.472623,-0.182113,5
p1689,-0.430835,-0.183646,5
p1690,-0.640407,-0.19619,5
p1691,-1.48526,-1.33641,5
p1692,-1.91522,-1.52868,5
p1693,-1.29,-0.462333,5
p1694,-0.721448,-0.861317,5
p1695,-1.39259,-0.902835,5
p1696,-0.184999,0.1074,5
p1697,-2.13597,-1.33649,5
p1698,-1.17312,-1.33677,5
p1699,-0.79854,-0.437984,5
p1700,-1.53019,-0.512384,5
p1701,-0.699966,-0.514611,5
p1702,-0.559432,-0.204037,5
p1703,-0.167166,-0.114031,5
p1704,-0.427052,-0.298077,5
p1705,-0.60713,-0.336613,5
p1706,-0.772977,-0.444872,5
p1707,-0.10376,-0.438576,5
p1708,-0.0548021,-0.0027574,5
p1709,-2.00843,-1.31706,5
p1710,-0.210244,-0.539716,5
p1711,-1.50012,-1.71811,5
p1712,-0.348545,-0.319878,5
p1713,-1.35148,-0.876266,5
p1714,-1.81401,-1.30425,5
p1715,-1.39307,-0.910397,5
p1716,-1.8948,-0.959489,5
p1717,-1.43066,-1.04215,5
p1718,-1.63799,-1.66835,5
p1719,-1.35841,-1.1723,5
p1720,-1.20814,-0.872376,5
p1721,-1.61702,-1.42692,5
p1722,-1.04758,-0.59324,5
p1723,-1.83419,-1.35332,5
p1724,-1.24677,-0.978022,5
p1725,-1.3125,-0.909164,5
p1726,-2.11502,-1.20073,5
p1727,-1.74539,-1.24285,5
p1728,-1.3455,-0.858333,5
p1729,-0.796147,-0.655456,5
p1730,-1.74845,-0.618687,5
p1731,-0.314316,-0.0550168,5
p1732,-0.463471,-0.558938,5
p1733,-0.606838,-0.400479,5
p1734,-1.13136,-1.21181,5
p1735,-0.894523,-0.970045,5
p1736,-1.8388,-1.09024,5
p1737,-1.04928,-0.94951,5
p1738,-0.560577,-0.592723,5
p1739,-1.63626,-1.42557,5
p1740,-1.14043,-0.616492,5
p1741,-1.67537,-0.635669,5
p1742,-0.297862,-0.505211,5
p1743,-1.48895,-0.518388,6
p1744,-1.06607,-0.358313,6
p1745,-0.989408,-0.352786,6
p1746,-0.73037,0.0361806,6
p1747,-0.558873,0.100758,6
p1748,-0.927451,-0.297576,6
p1749,-1.29899,-0.233389,6
p1750,-0.620814,-0.0379675,6
p1751,-0.772878,-0.244775,6
p1752,-0.500604,-0.0606826,6
p1753,-0.623719,-0.364169,6
p1754,-0.0852534,0.0821892,6
p1755,-0.703434,-0.098757,6
p1756,-1.31878,-0.503634,6
p1757,-0.640097,-0.352774,6
p1758,-1.0031,-0.152544,6
p1759,-1.48112,-0.642874,6
p1760,-1.48916,-0.310087,6
p1761,-0.987505,-0.58413,6
p1762,-0.362618,-0.431393,6
p1763,-1.51815,-0.526311,6
p1764,-1.21032,-0.441657,6
p1765,-0.0714676,-0.0493856,6
p1766,-0.761992,-0.349446,6
p1767,-0.95002,-0.146997,6
p1768,-0.164448,-0.120909,6
p1769,-0.323742,0.0200445,6
p1770,-0.90428,0.106781,6
p1771,-1.0429,-0.230725,6
p1772,-0.739347,-0.185676,6
p1773,-0.800552,-0.34414,6
p1774,-0.927919,-0.315952,6
p1775,-0.0228158,0.145988,6
p1776,-0.956662,-0.246771,6
p1777,-0.878185,-0.271125,6
p1778,-0.300751,-0.137886,6
p1779,-0.178971,-0.0102667,6
p1780,-0.763491,-0.23033,6
p1781,-0.932999,-0.0528984,6
p1782,-0.369492,-0.0822739,6
p1783,-0.844518,-0.402682,6
p1784,-0.896905,-0.290273,6
p1785,-1.01308,-0.238761,6
p1786,-0.213213,-0.238532,6
p1787,-0.237291,-0.240118,6
p1788,-0.532932,-0.326274,6
p1789,-1.42242,-0.566704,6
p1790,-0.580975,-0.187366,6
p1791,-0.392374,-0.0406529,6
p1792,-0.557923,-0.279205,6
p1793,-0.536045,0.0344137,6
p1794,-0.393598,-0.0744116,6
p1795,-0.926325,-0.416092,6
p1796,-0.628086,-0.404267,6
p1797,-0.893468,-0.378731,6
p1798,-0.790761,-0.178068,6
p1799,-0.998302,-0.0533353,6
p1800,-1.38209,-0.268551,6
p1801,-0.265923,-0.0756598,6
p1802,-1.43302,-0.505008,6
p1803,-1.07562,-0.112776,6
p1804,-0.225457,-0.378854,6
p1805,-0.77845,-0.668516,6
p1806,-0.599793,-0.237587,6
p1807,-0.930015,-0.257813,6
p1808,-1.38905,-0.510695,6
p1809,-0.591804,-0.0468684,6
p1810,-0.590219,-0.405229,6
p1811,-0.482046,-0.269849,6
p1812,-0.390343,0.185241,6
p1813,-0.495963,-0.159842,6
p1814,-0.350188,-0.142336,6
p1815,-0.785054,-0.268037,6
p1816,-0.710919,-0.375131,6
p1817,-0.78841,-0.160583,6
p1818,-1.17539,-0.0162032,6
p1819,-0.810926,-0.253292,6
p1820,-1.28938,-0.625368,6
p1821,-0.770742,-0.294288,6
p1822,-1.34193,-0.45518,6
p1823,-0.335364,-0.344237,6
p1824,-0.451664,-0.140722,6
p1825,-0.787406,-0.268607,6
p1826,-1.24668,-0.380503,6
p1827,-0.144033,-0.0492239,6
p1828,-0.608783,-0.0216099,6
p1829,-1.43788,-0.519088,6
p1830,-0.834608,-0.123083,6
p1831,-1.18395,-0.479034,6
p1832,-0.495413,0.2011,6
p1833,-1.45109,-0.466046,6
p1834,-1.23659,-0.413074,6
p1835,-1.47763,-0.320814,6
p1836,-0.579693,-0.361374,6
p1837,-0.446414,-0.00775905,6
p1838,-0.287875,0.00569234,6
p1839,-0.576893,-0.134061,6
p1840,-0.158981,-0.0344357,6
p1841,-0.923473,0.0921818,6
p1842,-1.00576,-0.583223,6
p1843,-0.524014,-0.503517,6
p1844,-0.115624,0.0721037,6
p1845,-1.35939,-0.410843,6
p1846,-0.302145,-0.0812007,6
p1847,-0.751554,-0.213452,6
p1848,-0.482171,0.0564627,6
p1849,-0.202949,-0.0599958,6
p1850,-0.895756,-0.311115,6
p1851,-0.739876,-0.55346,6
p1852,-1.35821,-0.55887,6
p1853,-0.63816,-0.280006,6
p1854,-0.141575,-0.0217358,6
p1855,-0.646873,-0.25001,6
p1856,-0.956131,-0.597483,6
p1857,-0.635595,-0.194319,6
p1858,-1.24895,-0.356945,6
p1859,-0.910422,0.0167174,6
p1860,-1.37975,-0.311623,6
p1861,-0.00495907,-0.0108479,6
p1862,-0.0986333,-0.0117718,6
p1863,-1.40722,-0.16815,6
p1864,-1.16209,-0.516116,6
p1865,-1.14916,-0.308837,6
p1866,-0.154373,-0.0919032,6
p1867,-1.4251,-0.498601,6
p1868,-1.16077,-0.370502,6
p1869,-0.798152,-0.297526,6
p1870,-0.206887,-0.142703,6
p1871,-0.966986,-0.333822,6
p1872,-0.622863,-0.246995,6
p1873,-0.590684,-0.264546,6
p1874,-0.486826,0.0337636,6
p1875,-0.897851,-0.678267,6
p1876,-0.666804,-0.00662894,6
p1877,-0.88005,-0.365774,6
p1878,-1.05419,-0.342665,6
p1879,-0.679844,-0.583458,6
p1880,-0.917952,-0.323483,6
p1881,-1.00302,-0.604955,6
p1882,-0.235005,-0.119952,6
p1883,-0.971052,-0.253824,6
p1884,-1.12632,-0.369813,6
p1885,-1.09723,-0.483842,6
p1886,-0.727342,0.140054,6
p1887,-0.719942,-0.182136,6
p1888,-0.118423,-0.0953899,6
p1889,-0.636579,0.0373169,6
p1890,-1.08029,-0.275741,6
p1891,-0.628278,-0.0733165,6
p1892,-0.475215,-0.340687,6
p1893,-1.24283,-0.67584,6
p1894,-1.32701,-0.56292,6
p1895,-0.42449,0.0218917,6
p1896,-0.825348,-0.525716,6
p1897,-0.95893,-0.110013,6
p1898,-0.776497,-0.190885,6
p1899,-0.930046,-0.602135,6
p1900,-0.81812,0.0743521,6
p1901,-1.0128,-0.304686,6
p1902,-1.01066,-0.18305,6
p1903,-0.429511,-0.0508418,6
p1904,-0.254432,1.8102,7
p1905,-0.422373,0.734805,7
p1906,-0.119037,0.623014,7
p1907,-0.565236,1.51294,7
p1908,-0.298391,0.937174,7
p1909,-0.495386,1.76055,7
p1910,0.218666,1.31777,7
p1911,-0.258253,1.7051,7
p1912,-0.163438,1.24233,7
p1913,-0.482735,0.313532,7
p1914,-0.313465,1.83633,7
p1915,-0.643407,1.41251,7
p1916,-0.456707,1.79415,7
p1917,-0.392873,1.34992,7
p1918,0.018132,0.427378,7
p1919,-0.730581,1.11336,7
p1920,-0.085636,0.422528,7
p1921,-0.235099,1.43496,7
p1922,-0.184341,1.01443,7
p1923,-0.0361847,1.67255,7
p1924,0.00042065,0.874593,7
p1925,-0.291002,0.175773,7
p1926,0.0562032,1.49199,7
p1927,-0.845856,1.54486,7
p1928,-0.111969,0.701236,7
p1929,-0.675038,1.91397,7
p1930,-0.239402,0.943985,7
p1931,0.163013,0.828035,7
p1932,-0.553014,0.606728,7
p1933,-0.0879917,0.51468,7
p1934,-0.523188,1.0424,7
p1935,-0.285494,1.46008,7
p1936,-0.594168,1.70284,7
p1937,-0.0620334,1.40127,7
p1938,-0.603565,1.38727,7
p1939,-0.810733,1.81798,7
p1940,-0.240456,1.2495,7
p1941,-0.795065,1.8053,7
p1942,-0.23094,0.318156,7
p1943,-0.260475,1.32666,7
p1944,-0.183507,0.810741,7
p1945,-0.658755,0.685641,7
p1946,-0.146064,0.726854,7
p1947,-0.328006,1.65075,7
p1948,0.0503177,0.508652,7
p1949,-0.583188,1.64568,7
p1950,0.0103523,0.612082,7
p1951,0.102981,0.433738,7
p1952,0.311936,0.786033,7
p1953,-0.724126,0.753886,7
p1954,-0.438975,1.175,7
p1955,0.0182682,0.659485,7
p1956,-0.26085,0.821321,7
p1957,-0.325083,1.24155,7
p1958,-0.33624,0.654746,7
p1959,-0.0408374,0.56451,7
p1960,-0.171258,1.51182,7
p1961,-0.84854,1.27208,7
p1962,-0.139021,1.09395,7
p1963,-0.20368,0.835571,7
p1964,-0.39842,0.726841,7
p1965,-0.198375,1.10213,7
p1966,0.142842,0.200544,7
p1967,-0.178217,1.00652,7
p1968,-0.221042,0.925712,7
p1969,-0.269712,1.06208,7
p1970,-0.663757,0.969278,7
p1971,0.028256,0.43997,7
p1972,-0.2344,1.74095,7
p1973,-0.136663,1.57278,7
p1974,0.00776324,0.478123,7
p1975,-0.102541,0.725885,7
p1976,-0.161909,0.959293,7
p1977,-0.42482,0.313137,7
p1978,-0.536674,2.01101,7
p1979,-0.665963,1.83141,7
p1980,-0.369503,1.09098,7
p1981,-0.147737,0.991722,7
p1982,-0.473763,1.94632,7
p1983,0.28752,0.285153,7
p1984,-0.249339,1.10387,7
p1985,-0.439312,2.05778,7
p1986,-0.241394,1.01899,7
p1987,-0.498699,0.693216,7
p1988,-0.0288031,0.76173,7
p1989,0.0682967,0.456804,7
p1990,-0.380293,0.418585,7
p1991,-1.13849,0.450384,8
p1992,-0.531727,0.521168,8
p1993,-0.349418,0.339149,8
p1994,-0.461463,0.544352,8
p1995,-1.16482,0.440111,8
p1996,-0.684368,0.364999,8
p1997,-0.340619,0.360516,8
p1998,-0.32634,0.347135,8
p1999,-1.09862,0.523903,8
p2000,-1.16999,0.213115,8
p2001,-0.45962,0.654627,8
p2002,-0.933396,0.342816,8
p2003,-1.3317,0.545179,8
p2004,-1.17299,0.443105,8
p2005,-1.34306,0.112638,8
p2006,-0.719917,0.39812,8
p2007,-1.57396,0.547955,8
p2008,-0.922354,0.2698,8
p2009,-0.0559357,0.422626,8
p2010,-1.12438,0.394211,8
p2011,-0.605469,0.68854,8
p2012,-1.39349,0.357483,8
p2013,-0.518357,0.514901,8
p2014,-0.290735,0.0581908,8
p2015,-0.598588,0.512753,8
p2016,-1.56352,0.43738,8
p2017,-0.925688,0.273639,8
p2018,-0.393793,0.512263,8
p2019,-1.27334,0.517125,8
p2020,-1.67169,0.457248,8
p2021,-0.561583,0.47309,8
p2022,-0.379849,0.369981,8
p2023,-0.615479,0.296822,8
p2024,-0.250676,0.147367,8
p2025,-0.886773,0.750037,8
p2026,-0.730512,0.724391,8
p2027,-1.15056,0.625042,8
p2028,-0.232203,0.0966048,8
p2029,-0.72859,0.444203,8
p2030,-0.434693,0.500141,8
p2031,-0.971654,0.646536,8
p2032,-0.803627,0.276056,8
p2033,-0.602231,0.231204,8
p2034,-0.829524,0.279172,8
p2035,-1.21493,0.344472,8
p2036,-0.885601,0.36028,8
p2037,-1.10506,0.536626,8
p2038,-1.64205,0.335219,8
p2039,-0.742414,0.636367,8
p2040,-0.350576,0.24911,8
p2041,-1.00423,0.232487,8
p2042,-1.1194,0.658066,8
p2043,-1.46036,0.389565,8
p2044,-0.736599,0.00748418,8
p2045,-1.53143,0.435439,8
p2046,-1.08709,0.40807,8
p2047,-0.792921,0.261783,8
p2048,-1.66129,0.34843,8
p2049,-1.65495,0.298832,8
p2050,-0.747274,0.590587,8
p2051,-0.487283,0.0421281,8
p2052,-0.15573,0.171435,8
p2053,-1.15683,0.412884,8
p2054,-1.49487,0.430163,8
p2055,-0.838783,0.14751,8
p2056,-0.548954,0.548897,8
p2057,-1.54699,0.517744,8
p2058,-0.479964,0.286692,8
p2059,-0.814547,0.614477,8
p2060,-0.467219,0.418332,8
p2061,-0.992607,0.392546,8
p2062,-1.03199,0.628923,8
p2063,-0.974148,0.340764,8
p2064,-1.58925,0.334087,8
p2065,-1.04211,0.151099,8
p2066,-1.19352,0.45552,8
p2067,-1.39198,0.411782,8
p2068,-0.854097,0.26249,8
p2069,-1.55412,0.383301,8
p2070,-1.13974,0.668623,8
p2071,-0.175095,0.234009,8
p2072,-0.408194,0.330614,8
p2073,-1.34713,0.463335,8
p2074,-1.02115,0.44636,8
p2075,-0.945025,0.400899,8
p2076,-0.735116,0.371589,8
p2077,-1.1512,0.344808,8
p2078,-1.14256,0.631841,8
p2079,-0.606943,0.0102002,8
p2080,-0.571595,0.316741,8
p2081,-1.04929,0.36747,8
p2082,-1.44757,0.424523,8
p2083,-1.42582,0.454307,8
p2084,-1.32527,0.171577,8
p2085,-1.04122,0.293913,8
p2086,-0.0349873,0.458646,8
p2087,-0.787991,0.285625,8
p2088,-0.84507,0.500133,8
p2089,-1.32958,0.280626,8
p2090,-0.788144,0.0883343,8
p2091,-0.672572,0.472121,8
p2092,-1.24155,0.0822249,8
p2093,-0.420374,0.467843,8
p2094,-1.32367,0.56311,8
p2095,-1.55888,0.43345,8
p2096,-1.34822,0.379429,8
p2097,-1.2326,0.553414,8
p2098,-1.55814,0.454528,8
p2099,-1.37759,0.34487,8
p2100,-1.11502,0.389851,8
p2101,-0.982619,0.391403,8
p2102,-0.0317184,0.265755,8
p2103,-0.477809,0.392558,8
p2104,-1.56385,0.63123,8
p2105,-1.02974,0.241236,8
p2106,-0.580737,0.421539,8
p2107,-1.57901,0.515059,8
p2108,-0.823572,0.395247,8
p2109,-1.34135,0.582486,8
p2110,-0.812746,0.189927,8
p2111,-1.42496,0.321604,8
p2112,-0.538458,0.405772,8
p2113,-1.49836,0.367986,8
p2114,-0.213662,0.394985,8
p2115,-1.37236,0.409689,8
p2116,-1.20826,0.368405,8
p2117,-1.18476,0.309473,8
p2118,-0.891336,0.387359,8
p2119,-1.60928,0.632605,8
p2120,-0.278487,0.429706,8
p2121,-1.27309,0.423337,8
p2122,-1.04576,0.497149,8
p2123,-1.05377,0.529353,8
p2124,-0.713243,0.41526,8
p2125,-1.28903,0.487598,8
p2126,-1.08566,0.313688,8
p2127,-0.988669,0.34046,8
p2128,-1.36993,0.424504,8
p2129,-0.744094,0.250657,8
p2130,-1.52893,0.490416,8
p2131,-0.202971,0.352006,8
p2132,-0.613077,0.435162,8
p2133,-0.747275,0.355961,8
p2134,-0.702912,0.420143,8
p2135,-1.06984,0.510865,8
p2136,-0.980777,0.496314,8
p2137,-0.511008,0.367707,8
p2138,-0.86919,0.387159,8
p2139,-0.960023,0.446526,8
p2140,-0.753105,0.227175,8
p2141,-1.21963,0.503569,8
p2142,-0.896317,0.713113,8
p2143,-0.555006,0.0816158,8
p2144,-0.385788,0.241,8
p2145,-1.45816,0.708944,8
p2146,-1.14156,0.0810924,8
p2147,-0.853401,0.0743061,8
p2148,-1.49432,0.192354,8
p2149,-0.215343,0.470699,8
p2150,-0.124064,0.277561,8
p2151,-0.504803,0.447984,8
p2152,-1.42237,0.110945,8
p2153,-1.50637,0.458424,8
p2154,-0.883254,0.530966,8
p2155,-0.463032,0.343182,8
p2156,-1.21407,0.410051,8
p2157,-0.666029,0.269826,8
p2158,-0.4022,0.401698,8
p2159,-0.77228,0.606869,8
p2160,-1.21432,0.391946,8
p2161,-1.5303,0.310045,8
p2162,-0.331968,0.407085,8
p2163,-0.543811,0.384057,8
p2164,-0.516344,0.338208,8
p2165,-0.556036,0.271122,8
p2166,-0.432545,0.557709,8
p2167,-0.885567,0.428305,8
p2168,-1.30249,0.322978,8
p2169,-1.56975,0.430401,8
p2170,-0.77991,0.0867956,8
p2171,-0.702772,0.474377,8
p2172,-0.0921106,0.352351,8
p2173,-1.36313,0.0834108,8
p2174,-0.656373,0.577523,8
p2175,-0.733194,0.38137,8
p2176,-1.56249,0.255495,8
p2177,-1.21063,0.232204,8
p2178,-0.637552,0.396145,8
p2179,-0.563703,0.0449596,8
p2180,-1.73872,0.384415,8
p2181,-0.715282,0.604102,8
p2182,-0.433323,0.415668,8
p2183,-0.29707,0.18379,8
p2184,-1.47625,0.159188,8
p2185,-0.864438,0.274156,8
p2186,-1.62687,0.408597,8
p2187,-0.266656,0.493463,8
p2188,-1.59844,0.56427,8
p2189,-1.09009,0.164581,8
p2190,-1.3935,0.37288,8
p2191,-0.870518,0.357846,8
p2192,-0.774808,0.392412,8
p2193,-0.861898,0.310838,8
p2194,-0.400266,0.363643,8
p2195,-0.883855,0.213524,8
p2196,-1.62833,0.605019,8
p2197,-0.307754,0.347937,8
p2198,-0.8234,0.102952,8
p2199,-0.887787,0.278133,8
p2200,-0.439287,0.450931,8
p2201,-1.1591,0.330865,8
p2202,-1.32256,0.449532,8
p2203,-1.12515,0.49663,8
p2204,-0.280859,0.633382,8
p2205,-0.552231,0.691828,8
p2206,-1.12472,0.536976,8
p2207,-0.640189,0.58106,8
p2208,-0.833041,0.251629,8
p2209,-0.203898,0.433987,8
p2210,-1.32272,0.329775,8
p2211,-1.16035,0.360421,8
p2212,-0.750325,0.547325,8
p2213,-0.247438,0.630049,8
p2214,-0.878097,0.700016,8
p2215,-1.24488,0.448463,8
p2216,-1.13862,0.758392,8
p2217,-0.965803,0.389035,8
p2218,-1.25486,0.433724,8
p2219,-0.868135,0.40996,8
p2220,-1.06925,0.546255,8
p2221,-0.980206,0.547072,8
p2222,-1.67554,0.489621,8
p2223,-1.47159,0.457141,8
p2224,-0.793591,0.715647,8
p2225,-1.1569,0.40791,8
p2226,-1.12563,0.488406,8
p2227,-0.887061,0.154854,8
p2228,-0.180607,0.548415,8
p2229,-0.707604,0.138513,8
p2230,-1.52606,0.431254,8
p2231,-1.31147,0.526886,8
p2232,-0.79331,0.181711,8
p2233,-0.0791435,0.332551,8
p2234,-0.970486,0.274028,8
p2235,-1.28609,0.284112,8
p2236,-0.247599,0.454451,8
p2237,-1.49222,0.40068,8
p2238,-1.25929,0.522994,8
p2239,-1.33239,0.293175,8
p2240,-0.488397,0.549962,8
p2241,-0.689993,-0.00420909,8
p2242,-1.6723,0.34463,8
p2243,-1.3541,0.427324,8
p2244,-0.779684,0.206702,8
p2245,-1.359,0.411064,8
p2246,-1.45467,0.589878,8
p2247,-0.192652,0.517494,8
p2248,-0.423904,0.322317,8
p2249,-0.690558,0.56121,8
p2250,-1.58015,0.507936,8
p2251,-1.56235,0.256498,8
p2252,-0.961963,0.495628,8
p2253,-1.22312,0.247138,8
p2254,-1.21882,0.488907,8
p2255,-1.59976,0.329953,8
p2256,-1.25657,0.222594,8
p2257,-0.916774,0.401651,8
p2258,-0.510544,0.373695,8
p2259,-1.60631,0.359849,8
p2260,-1.10908,0.424575,8
p2261,-0.385674,0.248966,8
p2262,-1.63039,0.593139,8
p2263,-0.723981,0.740775,8
p2264,-1.03897,0.561198,8
p2265,-0.100417,0.536438,8
p2266,-0.290947,0.304163,8
p2267,-0.78996,0.655588,8
p2268,-0.773741,0.255268,8
p2269,-1.57875,0.374927,8
p2270,-0.847424,0.420252,8
p2271,-0.62953,0.35213,8
p2272,-0.754463,0.352007,8
p2273,-0.758889,0.0627147,8
p2274,-1.19616,0.406533,8
p2275,-0.310966,0.529386,8
p2276,-1.43916,0.276532,8
p2277,-1.53828,0.583303,8
p2278,-0.201951,0.315998,8
p2279,-1.22685,0.448955,8
p2280,-1.58362,0.405836,8
p2281,-0.374147,0.643983,8
p2282,-1.28635,0.710555,8
p2283,-0.308045,0.402536,8
p2284,-1.19167,0.62698,8
p2285,-0.826428,0.393743,8
p2286,-1.53747,0.35333,8
p2287,-1.56216,0.426383,8
p2288,-0.749352,0.137533,8
p2289,-0.581025,0.229993,8
p2290,-1.48742,0.254231,8
p2291,-0.512747,0.434036,8
p2292,-1.20263,0.504479,8
p2293,-1.33008,0.59126,8
p2294,-0.733281,0.171663,8
p2295,-0.619821,0.517758,8
p2296,-1.67302,0.423723,8
p2297,-0.708726,0.380565,8
p2298,-1.13466,0.366708,8
p2299,-1.0703,0.465028,8
p2300,-0.455988,0.563131,8
p2301,-0.701082,0.433286,8
p2302,-0.716145,0.234574,8
p2303,-0.618822,0.294259,8
p2304,-0.160817,0.402446,8
p2305,-0.615792,0.376536,8
p2306,-1.18745,0.587552,8
p2307,-0.800175,0.0784029,8
p2308,-1.0087,0.0384985,8
p2309,-0.500676,0.376311,8
p2310,-0.867061,0.356356,8
p2311,-1.10276,0.389389,8
p2312,-1.44644,0.514419,8
p2313,-0.435527,0.211029,8
p2314,-0.559985,0.224711,8
p2315,-1.14909,0.69351,8
p2316,-1.20979,0.50856,8
p2317,-0.637258,0.288785,8
p2318,-1.46451,0.325148,8
p2319,-1.07081,0.414803,8
p2320,-0.543545,0.414614,8
p2321,-0.48555,0.708863,8
p2322,-1.51606,0.440987,8
p2323,-1.66421,0.42874,8
p2324,-0.940035,0.269791,8
p2325,-1.14417,0.420017,8
p2326,-0.685624,0.325691,8
p2327,-0.460513,0.0918807,8
p2328,-1.12346,0.396768,8
p2329,-0.759704,0.397126,8
p2330,-1.45208,0.341672,8
p2331,-0.257097,0.576841,8
p2332,-0.264577,0.338296,8
p2333,-1.26232,0.431651,8
p2334,-0.318315,0.163326,8
p2335,-1.26743,0.335227,8
p2336,-0.429186,0.44255,8
p2337,-0.889773,0.321444,8
p2338,-1.22542,0.233747,8
p2339,-0.754397,0.38199,8
p2340,-1.05478,0.514312,8
p2341,-1.3692,0.479878,8
p2342,-1.20723,0.162557,8
p2343,-0.416717,0.289136,8
p2344,-1.35105,0.604198,8
p2345,-1.26591,0.259155,8
p2346,-0.76917,0.324148,8
p2347,-1.49019,0.38218,8
p2348,-0.273071,0.297912,8
p2349,-0.412955,0.430884,8
p2350,-1.1385,0.313998,8
p2351,-1.62792,0.388834,8
p2352,-0.720445,0.535882,8
p2353,-0.967108,0.0933395,8
p2354,-1.37863,0.426444,8
p2355,-0.181247,0.275057,8
p2356,-0.59127,0.355956,8
p2357,-0.772594,0.670385,8
p2358,-0.897368,0.268029,8
p2359,-0.639295,0.192699,8
p2360,-1.13054,0.432841,8
p2361,-1.38828,0.393959,8
p2362,-0.477326,0.193679,8
p2363,-1.46352,0.591234,8
p2364,-1.51642,0.700848,8
p2365,-0.467716,0.438063,8
p2366,-1.13791,0.465863,8
p2367,-0.38492,0.602328,8
p2368,-0.990214,0.213649,8
p2369,-0.86949,0.195364,8
p2370,-0.209132,0.398172,8
p2371,-0.774084,0.334874,8
p2372,-1.57603,0.458842,8
p2373,-0.689335,0.361555,8
p2374,-1.56527,0.423559,8
p2375,-1.45432,0.476468,8
p2376,-0.490428,0.374682,8
p2377,-0.231807,0.600497,8
p2378,-0.30364,0.337405,8
p2379,-1.1269,0.415947,8
p2380,-0.349914,0.373571,8
p2381,-0.06751,0.445683,8
p2382,-1.62247,0.566663,8
p2383,-0.768286,0.214136,8
p2384,-0.420973,0.422963,8
p2385,-1.20228,0.328672,8
p2386,-1.08823,0.308002,8
p2387,-0.489305,0.236766,8
p2388,-0.388856,0.242508,8
p2389,-0.817949,0.353379,8
p2390,-1.65267,0.475342,8
p2391,-0.617993,0.346284,8
p2392,-0.812004,0.396467,8
p2393,-1.00569,0.366226,8
p2394,-1.58286,0.331591,8
p2395,-0.295928,0.257122,8
p2396,-1.48315,0.496943,8
p2397,-1.41287,0.491401,8
p2398,-0.20777,0.37447,8
p2399,-0.87375,0.612852,8
p2400,-1.20453,0.586277,8
p2401,-0.783455,0.245772,8
p2402,-0.676775,0.238679,8
p2403,-0.3611,0.346971,8
p2404,-1.09747,0.567279,8
p2405,-1.54159,0.287852,8
p2406,-0.661725,0.208228,8
p2407,-1.317,0.382991,8
p2408,-1.50077,0.389045,8
p2409,-0.941698,0.446558,8
p2410,-0.925075,0.0387831,8
p2411,-1.16967,0.121732,8
p2412,-1.00039,0.551507,8
p2413,-0.850479,0.677297,8
p2414,-1.34209,0.439823,8
p2415,-1.19134,0.428718,8
p2416,-0.904298,0.390783,8
p2417,-0.557099,0.696841,8
p2418,-0.520818,0.46933,8
p2419,-0.956295,0.714664,8
p2420,-0.504403,0.433897,8
p2421,-1.20917,0.26061,8
p2422,-1.28862,0.373181,8
p2423,-1.40946,0.240002,8
p2424,-1.50314,0.200093,8
p2425,-0.553682,0.417072,8
p2426,-1.39322,0.330344,8
p2427,-1.58157,0.619296,8
p2428,-1.08662,0.478463,8
p2429,-0.987922,0.0687941,8
p2430,-0.83207,0.387166,8
p2431,-1.29384,0.418207,8
p2432,-0.310724,0.241154,8
p2433,-1.23622,0.515095,8
p2434,-1.18093,0.432653,8
p2435,-1.53105,0.158072,8
p2436,-1.41867,0.292263,8
p2437,-1.2058,0.525102,8
p2438,-0.685119,0.197535,8
p2439,-1.50253,0.515552,8
p2440,-0.574904,0.439825,8
p2441,-0.794698,0.538936,8
p2442,-1.17519,0.0720898,8
p2443,-1.61982,0.292246,8
p2444,-1.69379,0.443606,8
p2445,-0.769095,0.148549,8
p2446,-1.04548,0.584221,8
p2447,-0.941181,0.547482,8
p2448,-0.772029,0.360785,8
p2449,-1.1451,0.70062,9
p2450,-1.59,0.739484,9
p2451,-0.296167,0.751159,9
p2452,-2.35637,0.429334,9
p2453,-1.6857,0.712468,9
p2454,-2.55078,0.373957,9
p2455,-2.27384,0.594991,9
p2456,-0.636395,0.579718,9
p2457,-1.81357,0.665914,9
p2458,-0.352979,0.649647,9
p2459,-1.99229,0.393399,9
p2460,-0.269797,0.526779,9
p2461,-2.31755,0.124182,9
p2462,-1.89691,0.59151,9
p2463,-1.49433,0.518643,9
p2464,-1.79858,0.508533,9
p2465,-0.429199,0.595562,9
p2466,-0.806471,0.204191,9
p2467,-1.49458,0.88097,9
p2468,-2.28246,0.615043,9
p2469,-1.88325,0.0117468,9
p2470,-0.693136,0.579949,9
p2471,-2.04386,0.446849,9
p2472,-0.7193,0.67916,9
p2473,-0.0927265,0.618276,9
p2474,-0.928019,0.361217,9
p2475,-0.43112,0.621101,9
p2476,-0.902295,0.430194,9
p2477,-1.43568,0.706635,9
p2478,-2.07384,1.01608,9
p2479,-0.682416,0.57794,9
p2480,-1.02018,0.365917,9
p2481,-0.0285655,0.801785,9
p2482,-0.521199,0.59223,9
p2483,-0.490073,0.483093,9
p2484,-0.865398,0.506262,9
p2485,-0.314122,0.455132,9
p2486,-0.230281,0.542342,9
p2487,-1.68784,0.798584,9
p2488,-1.85596,0.652651,9
p2489,-1.34408,0.633238,9
p2490,-0.262298,0.571836,9
p2491,-1.83207,0.310382,9
p2492,-0.251864,0.413526,9
p2493,-2.02887,0.641334,9
p2494,-0.681696,0.603181,9
p2495,-1.35217,0.986447,9
p2496,-1.45383,0.943032,9
p2497,-1.76247,0.831706,9
p2498,-1.38742,0.62528,9
p2499,-0.179405,0.875259,9
p2500,-1.51299,0.274438,9
p2501,-2.31281,0.566603,9
p2502,-1.18112,0.477638,9
p2503,-0.324073,0.562555,9
p2504,-1.23049,0.81545,9
p2505,-1.95167,0.543262,9
p2506,-1.90576,0.952751,9
p2507,-1.22774,0.459463,9
p2508,-0.228178,0.512667,9
p2509,-1.9168,0.757654,9
p2510,-1.74556,0.138849,9
p2511,-1.36722,0.131703,9
p2512,-2.36172,0.609717,9
p2513,-1.80315,0.520849,9
p2514,-0.265384,0.680561,9
p2515,-1.48413,0.664259,9
p2516,-0.760891,0.630637,9
p2517,-1.32149,0.41925,9
p2518,-0.914815,1.12298,9
p2519,-1.36141,0.578314,9
p2520,-1.19723,0.747261,9
p2521,-1.65472,0.878162,9
p2522,-1.83374,0.753966,9
p2523,-1.911,0.554149,9
p2524,-0.651232,0.589564,9
p2525,-0.414918,0.559186,9
p2526,-1.94327,0.455654,9
p2527,-1.58496,0.729582,9
p2528,-0.936622,0.849639,9
p2529,-0.220506,0.56613,9
p2530,-1.89852,0.986649,9
p2531,-0.967799,1.07927,9
p2532,-1.55183,0.191064,9
p2533,-0.936824,0.928391,9
p2534,-0.952043,0.274552,9
p2535,-0.751785,0.449735,9
p2536,-0.459281,0.268313,9
p2537,-1.06404,1.02926,9
p2538,-0.179417,0.469346,9
p2539,-2.53389,0.529165,9
p2540,-2.19234,0.489012,9
p2541,-1.93717,0.0212159,9
p2542,-1.494,0.921811,9
p2543,-1.25793,0.733164,9
p2544,-2.15798,0.064765,9
p2545,-1.94442,0.443436,9
p2546,-1.22477,0.137112,9
p2547,-0.510919,0.572331,9
p2548,-0.569221,0.849431,9
p2549,-1.46133,0.681979,9
p2550,-0.381404,0.755758,9
p2551,-1.32266,1.0331,9
p2552,-1.90716,0.064761,9
p2553,-1.86748,0.113926,9
p2554,-0.903709,0.561747,9
p2555,-1.47446,0.633233,9
p2556,-0.328951,0.640647,9
p2557,-1.20396,0.839785,9
p2558,-0.87462,0.539237,9
p2559,-1.33063,0.368856,9
p2560,-1.74147,0.0624143,9
p2561,-1.94862,0.482978,9
p2562,-1.77652,0.568737,9
p2563,-0.968912,0.755796,9
p2564,-0.99498,1.08904,9
p2565,-1.70111,0.821857,9
p2566,-0.0923598,0.868181,9
p2567,-0.514387,0.26425,9
p2568,-2.02607,0.636798,9
p2569,-1.11144,0.452758,9
p2570,-1.8642,0.64238,9
p2571,-0.963554,0.161098,9
p2572,-0.99267,0.295022,9
p2573,-1.92003,0.821979,9
p2574,-2.21685,0.335482,9
p2575,-2.15996,0.692942,9
p2576,-2.31244,0.79415,9
p2577,-2.6455,0.808549,9
p2578,-1.68092,0.201197,9
p2579,-0.0230304,0.570066,9
p2580,-2.24088,0.220122,9
p2581,-0.83364,0.374664,9
p2582,-0.70025,0.495382,9
p2583,-2.13349,0.723733,9
p2584,-0.737878,0.725822,9
p2585,-1.18253,1.10692,9
p2586,-0.651711,0.541448,9
p2587,-1.1384,0.114992,9
p2588,-2.17012,0.721287,9
p2589,-0.64551,0.340164,9
p2590,-0.513134,1.04926,9
p2591,-1.19063,0.843807,9
p2592,-2.27219,0.509892,9
p2593,-0.777162,0.618906,9
p2594,-0.80632,0.697946,9
p2595,-0.841334,0.258525,9
p2596,-2.51631,0.820837,9
p2597,-2.79296,0.581139,9
p2598,-2.36151,0.547836,9
p2599,-1.2807,0.25697,9
p2600,-0.923188,0.591203,9
p2601,-2.37646,0.718003,9
p2602,-1.78039,0.0238826,9
p2603,-2.37348,0.629298,9
p2604,-1.5775,0.693167,9
p2605,-0.483269,0.316269,9
p2606,-2.0331,0.53199,9
p2607,-1.00032,0.672082,9
p2608,-0.506542,0.105904,9
p2609,-1.70832,0.450385,9
p2610,-1.41409,0.546179,9
p2611,-0.317583,0.467139,9
p2612,-1.32504,0.604426,9
p2613,-0.940208,0.115969,9
p2614,-2.18543,0.495879,9
p2615,-1.11463,0.113412,9
p2616,-1.67424,0.628153,9
p2617,-1.75077,0.279903,9
p2618,-1.54385,0.319166,9
p2619,-0.254077,0.864617,9
p2620,0.015584,0.539813,9
p2621,-2.34422,0.657252,9
p2622,-1.41773,0.477664,9
p2623,-1.91897,1.03228,9
p2624,-1.21444,0.76267,9
p2625,-1.68511,0.0735481,9
p2626,-1.88451,0.630985,9
p2627,-0.163648,0.248835,9
p2628,-1.30327,0.598534,9
p2629,-1.87778,0.566204,9
p2630,-0.8547,0.666722,9
p2631,-1.24144,0.5208,9
p2632,-1.39325,0.776923,9
p2633,-0.78721,0.177348,9
p2634,-0.443014,0.496498,9
p2635,-1.82401,0.760519,9
p2636,-0.24529,0.94703,9
p2637,-0.320705,0.882107,9
p2638,-1.58818,0.208583,9
p2639,-0.608675,0.514409,9
p2640,-1.87585,0.0768268,9
p2641,-2.64841,0.556836,9
p2642,-1.53807,0.289241,9
p2643,-1.3683,1.07909,9
p2644,-1.75385,0.575489,9
p2645,-2.45177,0.818748,9
p2646,-1.37787,0.433519,9
p2647,-0.492052,0.322158,9
p2648,-1.41632,0.220317,9
p2649,-0.726367,0.42292,9
p2650,-2.0404,1.0126,9
p2651,-2.78651,0.554007,9
p2652,-0.91208,0.503193,9
p2653,-1.20824,0.0713123,9
p2654,-0.550492,0.855424,9
p2655,-2.7154,0.371908,9
p2656,-1.53464,0.857248,9
p2657,-0.833566,0.649267,9
p2658,-0.993086,-0.0253574,9
p2659,-0.612112,0.862856,9
p2660,-0.387531,0.522135,9
p2661,-2.68138,0.482527,9
p2662,-0.965369,0.483632,9
p2663,-1.2334,0.966769,9
p2664,-1.09453,0.534234,9
p2665,-0.141418,0.237983,9
p2666,-0.782457,0.575582,9
p2667,-0.258879,0.672662,9
p2668,-2.31441,0.98337,9
p2669,-0.761626,0.536735,9
p2670,-0.0877372,0.474731,9
p2671,-1.64857,1.05887,9
p2672,-1.24074,0.557663,9
p2673,-2.00213,0.848348,9
p2674,-1.97539,0.824516,9
p2675,-2.0576,1.022,9
p2676,-1.59469,0.491281,9
p2677,-1.81224,0.669907,9
p2678,-2.01949,0.672635,9
p2679,-0.477082,0.546001,9
p2680,-1.81745,0.378814,9
p2681,-1.91733,0.539612,9
p2682,-0.203241,0.725542,9
p2683,-2.32742,0.588335,9
p2684,-2.3387,0.616507,9
p2685,-0.982637,0.711502,9
p2686,-1.08227,1.17668,9
p2687,-1.09184,0.623279,9
p2688,-1.18388,0.627782,9
p2689,-0.592068,0.294231,9
p2690,-2.24111,0.667832,9
p2691,-2.11797,0.460504,9
p2692,-2.22328,0.57055,9
p2693,-0.263397,0.453548,9
p2694,-1.93431,0.156552,9
p2695,-1.5305,0.299017,9
p2696,-2.56159,0.48115,9
p2697,0.0064231,0.631406,9
p2698,-1.60278,0.913328,9
p2699,-1.95874,1.04992,9
p2700,-1.62817,0.661011,9
p2701,-1.0824,0.627494,9
p2702,-2.39468,0.693884,9
p2703,-1.30345,0.574391,9
p2704,-2.28749,0.866524,9
p2705,-1.3019,0.267866,9
p2706,-0.563731,0.29668,9
p2707,-1.75957,0.536958,9
p2708,-1.82794,0.600826,9
p2709,-2.27281,0.553834,9
p2710,-1.19896,0.613746,9
p2711,-1.17625,0.429642,9
p2712,-0.239985,0.638375,9
p2713,-1.76617,0.724098,9
p2714,-1.76515,0.99999,9
p2715,-1.05443,0.596668,9
p2716,-2.2741,0.221335,9
p2717,-1.2054,1.08691,9
p2718,-0.516435,0.286834,9
p2719,-1.21644,0.560218,9
p2720,-1.49938,0.481433,9
p2721,-2.5187,0.389839,9
p2722,-0.854536,0.082855,9
p2723,-1.76706,0.505528,9
p2724,-1.46027,0.0595548,9
p2725,-0.968893,0.463718,9
p2726,-2.11364,0.468951,9
p2727,-2.32582,0.566311,9
p2728,-1.54045,0.40173,9
p2729,-0.996551,0.284797,9
p2730,-1.05109,0.57416,9
p2731,-1.908,0.44324,9
p2732,-0.392283,0.644664,9
p2733,-2.01784,0.512323,9
p2734,-2.42868,0.485558,9
p2735,-1.37119,0.577673,9
p2736,-1.32428,0.487023,9
p2737,-2.44478,0.571861,9
p2738,-0.0857768,0.605534,9
p2739,-1.95862,0.666706,9
p2740,0.0402525,0.415471,9
p2741,-1.34529,0.317842,9
p2742,-1.95634,0.586247,9
p2743,-2.3501,0.535021,9
p2744,-2.15092,0.674225,9
p2745,-0.762459,0.456497,9
p2746,-1.4435,0.697576,9
p2747,-1.61159,0.776165,9
p2748,-0.161933,0.418777,9
p2749,-1.35685,0.516616,9
p2750,-2.6125,0.425349,9
p2751,-0.591765,0.53358,9
p2752,-2.09127,0.416998,9
p2753,-1.1188,0.277816,9
p2754,-1.71538,0.838304,9
p2755,-1.86967,0.621785,9
p2756,-1.76577,0.649577,9
p2757,-0.774066,0.0636871,9
p2758,-0.817862,0.364652,9
p2759,-1.97795,0.546509,9
p2760,-0.310706,0.769875,9
p2761,-0.470332,0.476541,9
p2762,-1.68819,0.419496,9
p2763,-1.75757,0.633564,9
p2764,-2.07329,0.201806,9
p2765,-1.431,0.203858,9
p2766,-1.47357,0.724438,9
p2767,-1.05428,0.520523,9
p2768,-1.94659,0.522349,9
p2769,-1.77057,0.44854,9
p2770,-0.96298,0.529611,9
p2771,-0.419288,0.659716,9
p2772,-0.773163,0.618755,9
p2773,-2.33808,0.608201,9
p2774,-1.01366,0.0445401,9
p2775,-1.95547,0.524498,9
p2776,-0.942981,0.428329,9
p2777,-1.08121,0.562604,9
p2778,-1.05309,0.882214,9
p2779,-0.566371,0.754052,9
p2780,-1.47795,0.658934,9
p2781,-2.52428,0.512126,9
p2782,-0.0808682,0.558897,9
p2783,-0.619836,0.980151,9
p2784,-0.523843,0.617477,9
p2785,-0.557898,0.502444,9
p2786,-2.30701,0.175355,9
p2787,-0.697474,1.0729,9
p2788,-1.80233,0.665729,9
p2789,-0.668891,0.971438,9
p2790,-0.745985,0.657391,9
p2791,-2.30109,0.539276,9
p2792,-1.1492,0.587512,9
p2793,-1.88194,0.595414,9
p2794,-2.29554,0.945353,9
p2795,-2.09697,0.533342,9
p2796,-0.208412,0.806153,9